sl9131,shantel,loverde,f,march 4 1985,chinese_taipei,medium_turquoise,raspberries,mac,/bin/tcsh,update
zs8215,zarie,savio,f,february 25 1989,eritrea,lavender_blush,avocados,mac,/bin/bash,execute
zc2525,zymia,cheng,f,december 16 1994,georgia,dark_orchid,blueberries,windows,/bin/csh,execute
tl4787,troi,landers,f,march 14 1989,hong_kong,sandy_brown,grapes,mac,/bin/ksh,delete
kg5950,kariya,germosen,f,november 15 1999,bosnia_and_herzegovina,peru,watermelon,mac,/bin/csh,execute
ac6941,anifer,christiano,f,january 26 1996,guatemala,orange_red,pineapple,windows,/bin/tcsh,drop
pl4066,phillipa,lukacs,f,february 23 1993,venezuela,web_purple,blueberries,windows,/bin/bash,update
as8080,adaia,silveira,f,august 8 1986,liechtenstein,tan,blueberries,mac,/bin/tcsh,create
lb6146,landon,blakney,f,june 14 1995,india,cornflower_blue,cantaloupe,mac,/bin/tcsh,all
lm7744,lexiana,mcbrien,f,may 11 1990,georgia,navajo_white,bananas,mac,/bin/bash,drop
ag7484,angel,guice,m,march 5 1986,romania,hot_pink,blueberries,mac,/bin/ksh,execute
mf7984,madisen,fortino,f,may 7 1999,venezuela,deep_pink,strawberries,windows,/bin/ksh,delete
rs4918,revin,swanigan,m,december 10 1994,germany,light_sea_green,cantaloupe,mac,/bin/csh,all
lf6344,lyra,fleetwood,f,january 16 1999,trinidad_and_tobago,light_sky_blue,grapes,mac,/bin/csh,update
kw7570,kayon,wiggs,m,august 27 1992,algeria,floral_white,grapes,windows,/bin/bash,all
bj6162,bri,justesen,f,june 1 1988,uruguay,light_sea_green,plums,mac,/bin/ksh,create
jn2502,jersie,nalbandian,f,october 30 1989,uzbekistan,aqua,oranges,windows,/bin/ksh,all
ht3901,herschel,takacs,m,may 26 1996,botswana,cornflower_blue,watermelon,mac,/bin/ksh,create
ab6269,arena,buell,f,may 3 1992,kenya,teal,plums,mac,/bin/csh,update
rp3273,ryver,pascal,f,february 29 1990,tanzania,sky_blue,pineapple,mac,/bin/tcsh,delete
ma8099,milaya,akins,f,december 30 1995,ghana,light_gray,avocados,mac,/bin/ksh,update
ag8421,anelisse,goda,f,october 27 1995,ghana,cornsilk,bananas,mac,/bin/tcsh,delete
lm2844,loay,mains,m,july 28 1990,botswana,brown,bananas,windows,/bin/tcsh,select
kw8515,khylon,wisneski,m,march 7 1995,rwanda,beige,grapes,mac,/bin/bash,execute
js5428,jolie,sugden,f,september 30 1998,france,mint_cream,grapes,windows,/bin/tcsh,delete
pu4918,promise,ureno,f,february 25 1987,iceland,chocolate,avocados,mac,/bin/ksh,drop
am7773,armani,moreta,f,may 17 1996,tanzania,light_yellow,raspberries,mac,/bin/tcsh,update
jl4182,jyaire,landis,m,may 15 1993,india,dark_olive_green,cherries,mac,/bin/bash,drop
ll3864,leonie,liebig,f,october 18 1989,bosnia_and_herzegovina,lime,cherries,windows,/bin/tcsh,delete
ac6084,azyah,citizen,f,december 28 1995,luxembourg,dodger_blue,plums,windows,/bin/csh,execute
ju4754,johncharles,ullom,m,july 2 1992,sweden,dark_sea_green,watermelon,windows,/bin/ksh,update
cr5158,corrina,rohwer,f,november 8 1997,luxembourg,rebecca_purple,avocados,mac,/bin/ksh,create
ac8669,atreus,creighton,m,november 8 1998,trinidad_and_tobago,peru,apples,mac,/bin/tcsh,drop
kc3048,kiona,caddell,f,september 7 1997,algeria,lawn_green,plums,windows,/bin/bash,all
lg3039,lynnix,giorgi,f,july 20 1985,zambia,rosy_brown,mangoes,windows,/bin/bash,update
kt7588,kaior,taborn,f,february 2 1988,jamaica,cyan,bananas,mac,/bin/csh,create
lw4654,lovella,wafer,f,february 28 1988,uruguay,silver,apples,mac,/bin/bash,delete
om5065,oluwatamilore,meserve,m,april 12 1999,kenya,lime,bananas,windows,/bin/tcsh,drop
vw4267,vi,wettstein,f,march 16 1991,the_gambia,maroon,pineapple,windows,/bin/csh,update
fw9907,fynnley,winter,m,march 15 1989,iran,web_maroon,mangoes,mac,/bin/bash,execute
at5902,avaiah,thornsberry,f,february 2 1998,cuba,old_lace,blueberries,mac,/bin/tcsh,update
rt3824,rajan,toman,m,december 1 1989,bangladesh,saddle_brown,plums,windows,/bin/ksh,all
tc6359,tae,culhane,m,december 1 1996,british_virgin_islands,web_gray,pineapple,mac,/bin/bash,all
sh6715,sammy,hullinger,f,september 2 1987,namibia,dark_olive_green,grapes,windows,/bin/tcsh,all
lp1750,laiba,poisson,f,july 14 1997,sweden,dark_olive_green,apples,windows,/bin/bash,select
kp8030,kyus,pocasangre,m,january 19 1995,india,web_maroon,blackberries,mac,/bin/bash,drop
ns3161,naina,sinnett,f,april 17 1993,estonia,light_gray,plums,windows,/bin/bash,execute
am6341,amily,mullett,f,december 5 1996,jamaica,goldenrod,blueberries,mac,/bin/csh,execute
zl5438,zahmari,luedtke,m,january 10 1994,bangladesh,fuchsia,raspberries,windows,/bin/ksh,create
sh1115,sreeyansh,heffern,m,may 25 1988,rwanda,forest_green,pears,windows,/bin/csh,all
os6434,orien,shanahan,m,november 19 1986,ireland,dark_olive_green,strawberries,mac,/bin/csh,create
gi9336,giann,interiano,m,june 26 1993,france,hot_pink,mangoes,mac,/bin/ksh,execute
mm3445,mayer,meighan,f,november 22 1996,british_virgin_islands,tomato,lemons,windows,/bin/tcsh,delete
hm3919,hikari,mosser,f,november 3 1988,samoa,sandy_brown,pineapple,mac,/bin/ksh,delete
mj7590,maneh,jarquin,f,june 27 1990,poland,green,mangoes,windows,/bin/tcsh,delete
rq9456,russell,quiambao,m,august 26 1991,burundi,light_steel_blue,strawberries,mac,/bin/csh,execute
kh6165,kyo,hansberry,m,december 5 1985,guyana,moccasin,peaches,mac,/bin/tcsh,execute
lw8194,leeroy,william,m,may 7 1985,malaysia,gainsboro,blackberries,mac,/bin/bash,update
jd1739,jestin,dunagan,m,september 2 1995,albania,medium_sea_green,raspberries,mac,/bin/csh,delete
cg5247,campbell,gorczyca,f,december 13 1994,united_states,magenta,apples,mac,/bin/ksh,update
jk3774,javanni,keown,f,february 29 1993,venezuela,green,peaches,windows,/bin/csh,select
ca6605,cayden,abukar,m,december 8 1991,spain,light_pink,peaches,mac,/bin/ksh,update
au2543,aryn,uzzell,f,october 7 1993,poland,web_purple,limes,windows,/bin/tcsh,select
eh6283,eythan,hadad,m,december 27 1996,niger,indigo,grapes,windows,/bin/csh,drop
af6659,ayane,fout,f,march 24 1997,morocco,peru,mangoes,windows,/bin/ksh,execute
ac6018,asiana,coriell,f,november 19 1995,india,goldenrod,oranges,windows,/bin/tcsh,update
ss6353,sarya,shoulders,f,april 11 1985,south_korea,blue_violet,peaches,windows,/bin/ksh,drop
li5423,legendary,irvine,m,april 16 1998,slovakia,aquamarine,raspberries,mac,/bin/ksh,drop
ms5776,miakoda,staubin,f,may 21 1995,jamaica,dark_sea_green,pineapple,windows,/bin/csh,create
jc8039,janel,cheesman,f,august 25 1989,algeria,beige,blackberries,mac,/bin/csh,delete
ra7135,raife,andersen,m,march 27 1999,croatia,cornsilk,cantaloupe,windows,/bin/csh,drop
ss5440,syeda,schopp,f,february 21 1998,portugal,deep_pink,pears,mac,/bin/tcsh,all
bb1533,brenn,brinks,m,may 25 1986,nigeria,papaya_whip,pears,windows,/bin/bash,update
cl3575,celestino,lauzon,m,september 23 1994,sweden,magenta,cherries,windows,/bin/ksh,update
jg3993,julianah,garg,f,october 3 1994,uruguay,blanched_almond,lemons,windows,/bin/bash,delete
kw3019,kayliyah,weimer,f,may 19 1997,greece,moccasin,cherries,mac,/bin/bash,select
qm3000,quamir,mineo,m,august 9 1991,albania,mint_cream,blackberries,mac,/bin/csh,drop
nm8587,nino,mencia,m,november 17 1993,peru,slate_gray,plums,mac,/bin/ksh,drop
yg7833,yaser,gragg,m,march 2 1985,cyprus,green_yellow,plums,mac,/bin/ksh,create
af8822,adabelle,frazer,f,january 25 1993,fiji,brown,watermelon,windows,/bin/bash,select
sc9526,sable,capasso,f,june 6 1986,botswana,fuchsia,raspberries,windows,/bin/bash,all
dg9160,demarrius,goodridge,m,april 14 1999,the_gambia,yellow_green,cherries,mac,/bin/csh,create
km7151,kassy,moldenhauer,f,november 30 1997,rwanda,hot_pink,bananas,mac,/bin/csh,all
ks9294,kooper,sheth,m,february 20 1985,lithuania,light_blue,cherries,mac,/bin/tcsh,select
ae1305,ahdia,englehart,f,january 18 1995,china,green_yellow,avocados,mac,/bin/bash,all
zi3049,zaniya,ivory,f,december 30 1997,rwanda,cyan,nectarines,windows,/bin/csh,execute
jd9514,jahi,deaver,m,may 24 1988,ivory_coast,brown,bananas,windows,/bin/bash,update
br4140,blaire,raza,f,december 14 1990,burundi,light_sea_green,grapes,windows,/bin/tcsh,drop
wp6508,willamae,phenix,f,february 5 1985,belgium,lavender,blueberries,mac,/bin/tcsh,drop
hs6645,havana,shoulders,f,march 8 1992,belarus,royal_blue,blueberries,mac,/bin/bash,execute
nn1841,ned,neace,m,february 22 1994,bangladesh,red,pineapple,windows,/bin/bash,all
kl6450,kellyn,luther,f,december 9 1991,hong_kong,light_cyan,pears,windows,/bin/bash,all
ak5720,aminatou,keir,f,december 6 1999,luxembourg,green,cherries,windows,/bin/bash,select
zf9283,zerina,farooq,f,december 25 1993,luxembourg,lime,blueberries,mac,/bin/bash,select
nj4857,norvina,joslin,f,january 16 1985,puerto_rico,burlywood,lemons,windows,/bin/ksh,create
bt1956,barlow,tedford,m,august 12 1999,burkina_faso,dark_slate_gray,plums,mac,/bin/ksh,update
mg7901,miraal,goelz,f,august 19 1992,azerbaijan,light_yellow,watermelon,windows,/bin/csh,select
tr1648,toshiro,rarick,m,april 7 1996,new_zealand,wheat,strawberries,windows,/bin/csh,create
de6490,dinora,eggleton,f,february 13 1993,eritrea,light_slate_gray,pineapple,windows,/bin/csh,drop
ja6782,joscelyn,ang,f,april 20 1986,san_marino,dark_cyan,nectarines,windows,/bin/ksh,drop
ed5934,edina,depalma,f,april 13 1988,mexico,steel_blue,cherries,mac,/bin/bash,execute
am9720,amryn,mink,f,october 4 1992,chile,brown,strawberries,windows,/bin/csh,all
cm3842,corbyn,michie,m,july 2 1990,ireland,red,apples,mac,/bin/tcsh,insert
db9181,daenerys,bullman,f,december 4 1998,colombia,dark_olive_green,cherries,windows,/bin/bash,all
km4574,keanna,mcgreevy,f,november 17 1987,tanzania,dim_gray,mangoes,mac,/bin/tcsh,all
hc7337,huk,caffey,m,may 25 1986,greece,silver,limes,windows,/bin/ksh,all
ah2092,allana,heverly,f,april 21 1986,peru,pale_turquoise,raspberries,windows,/bin/ksh,all
kb3257,kemara,blackwood,f,may 28 1993,venezuela,dark_orange,pears,mac,/bin/csh,insert
kn5815,khaleah,nield,f,april 23 1991,iceland,brown,pears,windows,/bin/bash,delete
ad6086,avi,down,m,may 19 1986,italy,tomato,pineapple,windows,/bin/csh,update
kb6108,kemon,blakeley,m,may 7 1996,greece,dark_goldenrod,pears,mac,/bin/csh,select
ck8173,channce,knopp,m,november 20 1990,singapore,medium_blue,lemons,mac,/bin/bash,delete
ko5311,klaira,oxley,f,june 28 1997,germany,sienna,mangoes,windows,/bin/tcsh,update
ew8184,erandi,wei,f,july 4 1993,israel,pale_goldenrod,peaches,mac,/bin/tcsh,select
bl7912,bayleigh,laurence,f,november 7 1988,burkina_faso,peach_puff,pears,mac,/bin/ksh,drop
ld8564,lonny,dendy,m,august 22 1998,argentina,pale_turquoise,blackberries,mac,/bin/bash,delete
km5765,kamau,mcmorrow,m,june 1 1994,switzerland,chocolate,limes,windows,/bin/tcsh,update
oh1238,oakleigh,hodel,f,january 5 1990,liechtenstein,crimson,cantaloupe,windows,/bin/csh,create
ge5780,gibbs,engelhardt,m,november 26 1996,south_africa,light_coral,oranges,windows,/bin/csh,delete
ac7159,ambra,chinchilla,f,august 12 1998,jamaica,hot_pink,avocados,mac,/bin/bash,execute
kd4957,kastyn,dewees,m,july 15 1998,grenada,deep_pink,avocados,mac,/bin/ksh,drop
db5531,daylyn,bogue,m,april 15 1985,rwanda,papaya_whip,raspberries,mac,/bin/ksh,all
bm5837,brex,mehra,m,december 20 1995,turkey,tan,raspberries,mac,/bin/csh,delete
as4980,arial,scheurer,f,september 3 1994,bahrain,orange_red,bananas,mac,/bin/ksh,execute
qs3653,quency,selph,m,april 17 1990,sao_tome_and_principe,gainsboro,grapes,windows,/bin/bash,delete
ud6537,ulysses,du,m,december 5 1993,ukraine,dark_magenta,lemons,mac,/bin/bash,delete
vm7365,vara,mcmorrow,f,may 25 1986,ivory_coast,indigo,pears,mac,/bin/tcsh,select
pd2377,polo,dennen,m,december 2 1985,guatemala,dark_slate_blue,raspberries,windows,/bin/bash,create
zf9911,zyren,fuss,m,november 21 1994,tanzania,light_slate_gray,cantaloupe,mac,/bin/ksh,update
vf7540,van,feeley,m,march 20 1998,kuwait,web_green,pineapple,windows,/bin/ksh,delete
ph2131,pieter,hazen,m,january 5 1993,hungary,medium_turquoise,limes,mac,/bin/ksh,drop
np4403,nikko,pagliaro,m,october 19 1985,sao_tome_and_principe,powder_blue,blackberries,windows,/bin/bash,create
kw7724,kaisen,wingard,m,january 10 1985,italy,yellow_green,pineapple,mac,/bin/ksh,insert
kf7438,kwyn,fricker,f,april 15 1989,bahrain,dark_orchid,peaches,mac,/bin/tcsh,drop
ll1460,lamaya,lias,f,june 23 1996,tanzania,dark_green,bananas,mac,/bin/tcsh,delete
mb4815,mohani,buffum,f,september 15 1997,georgia,dark_slate_blue,watermelon,windows,/bin/tcsh,execute
kg7949,kowen,gauldin,m,january 4 1992,ghana,beige,limes,mac,/bin/csh,update
kv3790,kole,vanhouten,m,august 9 1986,estonia,tan,lemons,mac,/bin/ksh,create
tf9191,teryn,fickel,f,june 23 1986,thailand,slate_gray,oranges,mac,/bin/bash,create
as4248,adrionna,saputo,f,march 24 1991,spain,lemon_chiffon,nectarines,windows,/bin/tcsh,all
qj2110,quade,jerabek,m,october 26 1987,uzbekistan,rosy_brown,pineapple,mac,/bin/ksh,update
as5289,angelyna,sosebee,f,january 4 1986,tunisia,violet,limes,mac,/bin/bash,delete
nb1556,nira,brian,f,january 29 1991,cyprus,turquoise,cantaloupe,mac,/bin/ksh,execute
am5757,acacia,melton,f,september 21 1996,canada,light_sky_blue,avocados,mac,/bin/csh,insert
ac4455,analeigha,canipe,f,august 16 1993,hungary,cornflower_blue,apples,windows,/bin/ksh,create
rf4593,ruthi,fujita,f,april 20 1988,cuba,pink,limes,mac,/bin/bash,update
jm5777,jakobie,mackey,m,february 10 1991,albania,light_steel_blue,strawberries,windows,/bin/tcsh,drop
jb5935,josiel,batterson,m,july 29 1991,mexico,gainsboro,apples,mac,/bin/csh,drop
sm1185,shahveer,mayotte,m,june 9 1985,botswana,light_yellow,watermelon,mac,/bin/ksh,delete
zp2707,zaha,penman,f,april 20 1991,vietnam,light_blue,lemons,windows,/bin/bash,drop
wj1969,whisper,juhasz,f,may 4 1995,norway,pale_violet_red,lemons,windows,/bin/bash,drop
mf7647,mela,fechter,f,june 11 1989,south_africa,medium_sea_green,pineapple,windows,/bin/tcsh,delete
ap9544,aizik,postel,m,march 18 1986,moldova,ivory,nectarines,windows,/bin/bash,select
tf4765,titan,ferriera,m,may 28 1998,ghana,bisque,blueberries,windows,/bin/csh,delete
nb1633,nyliah,backus,f,july 19 1993,zambia,tomato,oranges,mac,/bin/ksh,select
lc6839,leeona,clerk,f,april 29 1992,uruguay,dark_violet,blackberries,windows,/bin/bash,execute
js3094,jerzei,savory,f,august 30 1990,moldova,hot_pink,mangoes,windows,/bin/tcsh,all
lf3702,lojain,fern,f,december 26 1991,netherlands,navajo_white,lemons,mac,/bin/bash,update
jh9000,jawaun,holgate,m,december 3 1992,moldova,slate_blue,pineapple,mac,/bin/ksh,update
tc5152,tayvon,cartier,m,april 16 1996,denmark,snow,pears,windows,/bin/ksh,execute
kk6450,karel,krupka,m,november 3 1989,chinese_taipei,light_cyan,peaches,windows,/bin/ksh,execute
hs3011,hatch,shultis,m,june 12 1986,bahamas,light_cyan,watermelon,mac,/bin/tcsh,select
mb6360,malaquias,browner,m,january 25 1991,egypt,khaki,apples,windows,/bin/tcsh,select
ri7083,regino,iwata,m,march 24 1993,bahamas,silver,lemons,mac,/bin/tcsh,update
st5005,samaad,tantillo,m,july 15 1994,egypt,orange,mangoes,mac,/bin/tcsh,drop
pl6357,piersen,liberatore,m,june 10 1993,el_salvador,medium_slate_blue,grapes,windows,/bin/bash,update
dp6591,dashay,puskas,f,august 24 1994,thailand,burlywood,avocados,windows,/bin/csh,drop
ha2282,holston,averette,m,july 20 1987,czech_republic,dark_magenta,apples,windows,/bin/csh,all
mb9862,milly,baltz,f,november 20 1990,bahamas,sky_blue,oranges,mac,/bin/ksh,insert
zd1621,zakarii,dwiggins,m,march 12 1998,germany,sky_blue,blueberries,windows,/bin/bash,select
sg5855,shulem,gledhill,m,september 7 1987,great_britain,white,watermelon,mac,/bin/ksh,create
jp9750,jax,pallares,f,november 10 1996,costa_rica,web_green,blackberries,windows,/bin/ksh,create
ja7132,jalina,abad,f,june 6 1988,azerbaijan,magenta,grapes,mac,/bin/csh,insert
ar9549,alvyn,reeve,m,february 19 1996,argentina,violet,lemons,mac,/bin/tcsh,update
ac4266,alesso,cousar,m,july 8 1996,bulgaria,fuchsia,oranges,windows,/bin/csh,drop
ad8869,aiyla,demarest,f,december 18 1985,netherlands,light_slate_gray,pears,windows,/bin/csh,create
kc5228,kulture,chang,m,march 28 1993,guyana,lawn_green,raspberries,windows,/bin/csh,create
ns8757,nafi,sine,m,january 26 1996,iceland,olive,limes,windows,/bin/tcsh,drop
hf9305,hadlei,funderburg,f,february 4 1996,djibouti,navy_blue,raspberries,mac,/bin/csh,update
al7666,ajourney,landolt,f,march 25 1997,slovakia,yellow,pineapple,mac,/bin/bash,create
sm3585,sven,martinezlopez,m,june 27 1987,uzbekistan,red,limes,windows,/bin/csh,update
ls2241,lyndsey,struve,f,august 24 1997,kuwait,aquamarine,avocados,windows,/bin/ksh,select
xm7875,xadiel,mcclam,m,september 26 1991,qatar,orange_red,grapes,mac,/bin/ksh,execute
em1589,enzio,minnix,m,february 3 1987,algeria,deep_sky_blue,apples,mac,/bin/bash,delete
rf5263,reggie,fiorito,m,january 1 1999,ivory_coast,dark_green,pineapple,mac,/bin/csh,drop
om5735,oluwafikayomi,mcneil,f,november 19 1986,sao_tome_and_principe,light_steel_blue,nectarines,windows,/bin/ksh,select
ch4919,cris,hendricks,m,september 28 1992,indonesia,dodger_blue,nectarines,mac,/bin/ksh,delete
ky2358,karly,ying,f,february 20 1994,vietnam,green,lemons,mac,/bin/csh,delete
mr5011,makenleigh,rourke,f,december 17 1988,slovenia,dark_olive_green,pears,windows,/bin/csh,create
ba9833,baily,allan,f,december 21 1995,great_britain,cornflower_blue,bananas,windows,/bin/csh,drop
dm9308,destini,mccluskey,f,august 26 1990,bangladesh,medium_sea_green,blackberries,mac,/bin/bash,update
ch2415,charvi,hara,f,february 29 1998,united_states,medium_spring_green,avocados,windows,/bin/ksh,execute
ny6326,niema,yearwood,f,october 26 1990,hungary,olive_drab,lemons,mac,/bin/tcsh,update
kc9520,karolina,cham,f,september 5 1998,mongolia,antique_white,oranges,mac,/bin/bash,select
ls8840,lujain,simas,f,june 2 1989,bahamas,forest_green,bananas,mac,/bin/csh,create
mm9258,munisa,mikel,f,july 28 1992,denmark,light_pink,lemons,windows,/bin/bash,execute
ae2722,atziry,esplin,f,september 27 1985,spain,burlywood,mangoes,windows,/bin/bash,drop
zs7822,zariya,siems,f,november 24 1993,sao_tome_and_principe,fuchsia,cantaloupe,mac,/bin/tcsh,update
vs2595,vihaan,sperber,m,june 22 1987,liberia,old_lace,nectarines,windows,/bin/bash,insert
jw9944,jhavia,weigel,f,october 1 1990,finland,wheat,raspberries,windows,/bin/ksh,select
ea5331,eilish,azure,f,may 18 1989,hong_kong,tan,nectarines,windows,/bin/ksh,insert
js8517,jasper,schrecengost,m,september 13 1988,canada,plum,limes,windows,/bin/tcsh,drop
eg5052,evren,gilson,m,april 20 1987,ecuador,pale_goldenrod,blackberries,mac,/bin/ksh,create
gd9308,graelynn,deuel,f,october 23 1988,cyprus,gray,apples,windows,/bin/ksh,select
sy4750,shevy,yi,f,june 19 1992,hong_kong,light_blue,pears,mac,/bin/csh,execute
al7648,ansh,legros,m,july 1 1986,liberia,hot_pink,watermelon,windows,/bin/csh,select
sm7174,starlyn,macinnes,m,march 1 1999,ukraine,medium_aquamarine,mangoes,windows,/bin/csh,create
er1852,ephrem,rentschler,m,november 6 1999,ivory_coast,medium_purple,lemons,mac,/bin/tcsh,insert
tg8286,thoran,giaquinto,m,january 10 1995,norway,slate_blue,grapes,mac,/bin/tcsh,delete
an3890,ayumi,nilsson,f,september 18 1991,south_africa,light_gray,cherries,mac,/bin/ksh,create
nk5462,nickoli,kennett,m,july 11 1991,serbia,navajo_white,grapes,mac,/bin/csh,create
eg2732,elliona,gesell,f,january 28 1986,liechtenstein,white_smoke,lemons,windows,/bin/csh,create
zm7757,zulema,maurice,f,april 8 1986,greece,bisque,limes,mac,/bin/tcsh,drop
ao7864,adilyne,olive,f,september 28 1988,russia,linen,watermelon,windows,/bin/bash,select
pb4432,pratt,bernat,m,december 27 1985,norway,sky_blue,watermelon,mac,/bin/ksh,create
am8942,ailey,mccorkle,f,november 28 1986,samoa,dark_turquoise,cherries,mac,/bin/bash,all
ta4932,talitha,armenta,f,september 26 1989,japan,pink,bananas,windows,/bin/bash,insert
vk6950,vidushi,kopczynski,f,august 27 1991,ethiopia,orchid,lemons,windows,/bin/tcsh,update
ys6696,yasiin,shapiro,m,january 10 1990,canada,navy_blue,blackberries,windows,/bin/ksh,select
gk8888,gabrien,keasler,m,april 17 1999,azerbaijan,plum,oranges,windows,/bin/csh,create
ss9102,stepan,soderquist,m,june 10 1987,costa_rica,rebecca_purple,lemons,windows,/bin/csh,drop
ac9333,ayala,canter,f,february 19 1998,chinese_taipei,light_cyan,oranges,mac,/bin/csh,delete
is3379,immanuel,stromberg,m,july 30 1997,russia,gray,mangoes,windows,/bin/ksh,execute
tl3740,tyesha,langel,f,may 10 1990,san_marino,orange,grapes,mac,/bin/bash,all
yn1604,yuritzi,nina,f,december 24 1994,eritrea,lime,plums,mac,/bin/bash,create
jw7062,jhoana,warmack,f,june 20 1997,singapore,light_slate_gray,pineapple,mac,/bin/tcsh,insert
sc6924,saisha,cassady,f,may 20 1995,chad,lavender_blush,cantaloupe,mac,/bin/tcsh,all
dr9096,dylon,rosengarten,m,july 30 1985,zambia,alice_blue,limes,mac,/bin/bash,drop
sz5477,solvi,zaborowski,f,november 15 1991,spain,lemon_chiffon,pears,windows,/bin/csh,delete
gt6598,gilead,tart,m,november 15 1986,estonia,dark_khaki,raspberries,mac,/bin/bash,create
eg1102,exavier,gacek,m,march 17 1985,indonesia,teal,grapes,windows,/bin/csh,insert
eh9260,easten,halfacre,m,july 13 1996,liberia,light_blue,cantaloupe,windows,/bin/ksh,drop
kk6883,kadince,kies,f,april 7 1991,israel,light_cyan,limes,mac,/bin/csh,insert
ds4990,dhanvi,saiz,f,november 5 1999,uzbekistan,magenta,nectarines,mac,/bin/csh,update
bt5527,brynzlee,theis,f,may 17 1996,north_korea,papaya_whip,pineapple,mac,/bin/tcsh,select
ap3379,aili,padilla,f,may 5 1991,slovenia,medium_slate_blue,mangoes,mac,/bin/ksh,delete
tf8716,tanairy,fontenette,f,february 26 1996,kuwait,khaki,avocados,mac,/bin/ksh,select
kb6979,kooper,bramhall,f,january 14 1986,new_zealand,dark_salmon,nectarines,mac,/bin/csh,all
mf5737,malhar,fout,m,april 18 1999,portugal,turquoise,mangoes,windows,/bin/ksh,all
cm7229,campbell,murga,m,may 13 1995,hungary,dark_blue,grapes,windows,/bin/tcsh,update
mi8755,mayar,irvine,f,september 20 1989,azerbaijan,rebecca_purple,pears,windows,/bin/tcsh,execute
qd7138,quin,durkin,m,january 23 1995,grenada,medium_blue,pineapple,windows,/bin/bash,update
hj8161,herson,jefferson,m,april 27 1987,trinidad_and_tobago,lavender_blush,lemons,windows,/bin/ksh,create
sp4788,soren,pu,m,april 2 1995,sao_tome_and_principe,sky_blue,lemons,windows,/bin/tcsh,insert
mb4458,mane,blanco,f,april 17 1995,ecuador,medium_sea_green,blueberries,mac,/bin/tcsh,create
rv9827,raistlin,vanantwerp,m,april 22 1991,uruguay,orange_red,lemons,windows,/bin/tcsh,execute
bt6467,bear,thorne,m,june 2 1985,moldova,orange,nectarines,mac,/bin/tcsh,drop
zc8680,zeven,chavarin,m,december 18 1993,puerto_rico,green_yellow,strawberries,windows,/bin/ksh,update
lh8801,leyna,harvard,f,march 30 1988,burundi,web_gray,blackberries,windows,/bin/bash,insert
tm2997,trevonne,marnell,m,november 17 1990,belgium,rosy_brown,peaches,mac,/bin/tcsh,insert
rb6166,ronni,blow,f,march 15 1987,ecuador,gainsboro,cantaloupe,mac,/bin/ksh,all
mr9529,merrick,rinn,m,september 24 1992,iran,lime_green,nectarines,windows,/bin/tcsh,insert
dt2728,deangelo,teems,m,february 16 1995,czech_republic,dark_violet,blueberries,mac,/bin/ksh,create
lm7196,letha,mahaffy,f,march 19 1985,great_britain,azure,cantaloupe,windows,/bin/ksh,drop
ce7189,copelynn,enos,f,june 27 1995,angola,olive,cherries,windows,/bin/ksh,update
eb5485,elijan,bumgarner,m,september 5 1990,trinidad_and_tobago,aqua,blueberries,windows,/bin/csh,insert
mf3431,meli,flewelling,f,october 14 1986,zambia,steel_blue,watermelon,windows,/bin/bash,select
as3500,azaria,sohl,f,june 6 1988,liechtenstein,tan,blackberries,windows,/bin/csh,drop
aa4799,amahle,abt,f,march 12 1995,hungary,rosy_brown,blackberries,mac,/bin/ksh,create
as5325,atlantis,steadham,f,june 25 1990,bangladesh,rebecca_purple,lemons,windows,/bin/csh,select
br2667,britany,reiners,f,december 6 1994,ireland,yellow_green,cantaloupe,windows,/bin/ksh,insert
an3997,andrei,neighbors,m,march 13 1997,indonesia,olive_drab,pears,mac,/bin/ksh,execute
ap6439,abyssinia,plemons,f,january 9 1990,belgium,silver,strawberries,windows,/bin/csh,insert
sn9407,swapnil,northam,m,june 13 1992,latvia,antique_white,pineapple,windows,/bin/csh,select
sf3636,shivam,farnam,m,october 4 1993,philippines,dark_gray,raspberries,mac,/bin/tcsh,select
ag3855,avajoy,greve,f,september 9 1999,thailand,light_cyan,apples,windows,/bin/ksh,update
cb1889,crowley,berens,m,february 16 1999,bahamas,peru,grapes,mac,/bin/csh,drop
dh6042,dmauri,horsey,m,february 9 1996,chad,navajo_white,cherries,mac,/bin/ksh,update
yh9217,yousaf,howard,m,december 26 1994,chinese_taipei,maroon,peaches,mac,/bin/tcsh,create
hl5541,husain,loflin,m,december 27 1989,trinidad_and_tobago,dark_orange,cantaloupe,mac,/bin/tcsh,delete
yg7053,yareth,groce,m,september 27 1985,guatemala,old_lace,mangoes,mac,/bin/ksh,delete
pm4957,parneet,mazzara,f,november 19 1998,venezuela,light_goldenrod,peaches,mac,/bin/bash,create
ar9115,abriela,rico,f,july 5 1999,kazakhstan,steel_blue,oranges,windows,/bin/csh,delete
tb9255,tiffani,bischoff,f,december 18 1996,new_zealand,orange,pineapple,mac,/bin/bash,execute
kq2661,kamrie,quesenberry,f,march 15 1993,china,rosy_brown,pineapple,windows,/bin/tcsh,update
lg5355,liandro,gideon,m,april 25 1985,italy,antique_white,cherries,mac,/bin/bash,execute
eg3844,eno,guynes,m,december 11 1985,germany,cornsilk,plums,mac,/bin/tcsh,select
dl2877,dezarae,lloyd,f,march 8 1997,kazakhstan,yellow,grapes,windows,/bin/tcsh,drop
jo5100,julani,olaughlin,f,april 9 1989,qatar,lavender_blush,cherries,mac,/bin/ksh,all
bm7212,beric,mohammadi,m,april 18 1999,fiji,gold,plums,windows,/bin/ksh,update
mf7157,myrtle,friberg,f,december 20 1995,jamaica,aqua,pineapple,windows,/bin/csh,all
rr5458,rael,raupp,f,march 16 1989,pakistan,fuchsia,raspberries,mac,/bin/csh,create
na4590,nam,autry,m,july 3 1993,puerto_rico,khaki,plums,windows,/bin/tcsh,update
lb9469,lys,bonenfant,f,october 24 1986,singapore,magenta,oranges,mac,/bin/bash,delete
kc3984,khyre,coltharp,m,august 19 1997,thailand,red,cherries,windows,/bin/bash,delete
nm7018,nicolo,mckeehan,m,january 21 1990,south_africa,olive_drab,blackberries,mac,/bin/ksh,insert
wg1523,westlee,geddings,m,june 8 1993,uruguay,bisque,blackberries,windows,/bin/ksh,select
dg6474,donyae,goehring,m,july 21 1990,zambia,sky_blue,lemons,mac,/bin/ksh,drop
ec5981,emelly,calleros,f,april 15 1997,luxembourg,dark_slate_blue,plums,windows,/bin/csh,execute
am7383,aja,mongeon,f,february 21 1991,kenya,turquoise,limes,mac,/bin/ksh,all
jp1011,jabes,payne,m,june 30 1997,india,black,watermelon,windows,/bin/tcsh,delete
tg7797,tymeir,grieves,m,june 30 1992,switzerland,slate_blue,peaches,windows,/bin/csh,create
as2370,alivea,sidor,f,july 20 1989,guyana,spring_green,nectarines,mac,/bin/bash,insert
mo5492,mahkai,ong,m,november 24 1991,costa_rica,hot_pink,nectarines,windows,/bin/ksh,insert
lp4819,loriah,petrie,f,june 18 1989,slovakia,purple,pears,windows,/bin/ksh,drop
rc3876,rayanne,cappelletti,f,august 19 1987,hong_kong,medium_violet_red,raspberries,windows,/bin/tcsh,all
nd9658,nedal,dakin,m,january 27 1989,ghana,maroon,limes,mac,/bin/bash,execute
am4608,adalayah,mentz,f,february 3 1992,niger,seashell,peaches,mac,/bin/ksh,insert
ch6975,catriona,hayhurst,f,may 23 1985,rwanda,snow,avocados,windows,/bin/csh,select
ls7715,loreley,sotelo,f,february 7 1992,uzbekistan,white,cantaloupe,mac,/bin/csh,execute
sm8702,sharbel,middendorf,m,may 20 1993,croatia,dark_slate_blue,lemons,windows,/bin/bash,create
cm8668,camdan,mchenry,m,october 2 1993,finland,dark_olive_green,raspberries,mac,/bin/tcsh,update
ap5709,adja,poindexter,f,august 1 1994,pakistan,honeydew,peaches,windows,/bin/bash,drop
it9543,iggy,toller,m,june 13 1985,israel,dark_gray,watermelon,windows,/bin/csh,drop
ds7982,dempsey,saks,f,october 30 1992,north_korea,blue_violet,oranges,mac,/bin/bash,insert
yp8176,yaniel,porcaro,m,november 23 1992,lithuania,rebecca_purple,plums,mac,/bin/tcsh,select
me7837,makel,emrich,m,april 1 1993,kenya,plum,oranges,mac,/bin/bash,drop
gh3740,gurbaaj,hohensee,m,may 1 1995,portugal,plum,pears,windows,/bin/tcsh,insert
yl4771,yamilette,lauterbach,f,august 25 1999,thailand,old_lace,nectarines,mac,/bin/csh,delete
mg4298,meesha,garriga,f,september 15 1993,uzbekistan,mint_cream,blueberries,mac,/bin/bash,insert
nb5330,neko,bowerman,f,may 25 1985,burkina_faso,light_coral,mangoes,mac,/bin/ksh,insert
rj6483,rene,jenks,m,september 26 1986,bulgaria,light_cyan,pineapple,windows,/bin/tcsh,create
cc9922,caileigh,ciesla,f,august 10 1997,cuba,light_sea_green,avocados,windows,/bin/bash,select
lm9153,lexany,mcgillivray,f,june 6 1998,ecuador,chocolate,grapes,windows,/bin/tcsh,execute
lw5582,lachlan,wayman,f,december 19 1997,moldova,medium_spring_green,strawberries,mac,/bin/csh,all
lf9670,lilyanna,ferree,f,january 16 1995,latvia,honeydew,blueberries,mac,/bin/ksh,update
sf9858,shaarvi,forton,f,september 28 1993,uzbekistan,silver,nectarines,mac,/bin/tcsh,update
rv6734,roshni,vanmatre,f,november 8 1985,slovakia,light_yellow,mangoes,windows,/bin/tcsh,insert
rd2367,reata,drennon,f,january 8 1996,guatemala,salmon,blueberries,mac,/bin/tcsh,update
dm2992,delmy,mooney,f,january 29 1994,bulgaria,web_gray,lemons,windows,/bin/tcsh,all
bl3368,baraka,looney,m,march 4 1987,great_britain,khaki,plums,windows,/bin/ksh,insert
yl9225,yalena,legault,f,march 23 1993,turkey,alice_blue,oranges,mac,/bin/ksh,select
kl9324,kayden,llewellyn,f,october 27 1997,burundi,linen,watermelon,windows,/bin/bash,drop
th6102,tena,hubbell,f,april 23 1990,sweden,medium_blue,watermelon,windows,/bin/tcsh,select
fn3371,fara,niland,f,march 3 1985,denmark,pale_turquoise,mangoes,mac,/bin/ksh,drop
jk4094,jadon,kram,m,march 26 1994,switzerland,magenta,lemons,mac,/bin/tcsh,execute
km4180,kalleigh,martinelli,f,may 23 1985,iceland,magenta,peaches,windows,/bin/tcsh,all
im3259,ignacia,mccabe,f,december 27 1996,netherlands,moccasin,plums,windows,/bin/bash,create
vh7732,vylett,hatem,f,january 2 1988,austria,gainsboro,cherries,mac,/bin/tcsh,select
jw6847,jaelene,wilkes,f,may 26 1985,peru,magenta,pears,windows,/bin/ksh,delete
ts5871,trudy,stiff,f,july 11 1997,iceland,dark_salmon,mangoes,mac,/bin/ksh,drop
lm1620,lincoln,masso,m,march 14 1990,india,pink,avocados,mac,/bin/ksh,select
zm4260,zurich,muck,m,august 30 1987,indonesia,blanched_almond,apples,windows,/bin/bash,create
as8577,aijah,schumann,f,february 13 1993,philippines,spring_green,apples,mac,/bin/ksh,insert
ag7244,ardi,gude,m,october 11 1986,serbia,navy_blue,oranges,mac,/bin/tcsh,drop
fe8525,fannie,eckes,f,december 25 1996,samoa,light_goldenrod,peaches,windows,/bin/tcsh,drop
cp3603,cornelia,portilla,f,february 22 1991,ghana,light_blue,blueberries,mac,/bin/tcsh,execute
aw7508,angelique,walls,f,april 9 1985,india,chartreuse,apples,mac,/bin/bash,execute
rl6698,ronen,lanter,m,may 16 1992,algeria,lavender,watermelon,windows,/bin/csh,all
jn4719,jabria,newby,f,september 15 1997,south_korea,dodger_blue,limes,mac,/bin/tcsh,update
pj6724,prince,julien,m,may 24 1987,italy,light_gray,grapes,windows,/bin/csh,drop
aw3045,adalis,wooldridge,f,august 19 1995,pakistan,cornsilk,nectarines,mac,/bin/tcsh,execute
gl6597,garret,leak,m,december 4 1989,trinidad_and_tobago,light_sea_green,blueberries,windows,/bin/tcsh,insert
ks8192,kasyn,sonnenberg,f,june 27 1998,sao_tome_and_principe,light_slate_gray,watermelon,mac,/bin/csh,insert
ap6261,acesen,prescod,m,august 14 1999,niger,peach_puff,raspberries,windows,/bin/ksh,all
rj5770,reyana,joens,f,september 22 1994,qatar,salmon,raspberries,windows,/bin/tcsh,drop
mp1728,marquis,pesce,m,january 24 1993,mexico,silver,oranges,mac,/bin/csh,execute
na2227,nasira,asbill,f,february 18 1985,bahamas,blue,pears,mac,/bin/ksh,delete
gp7796,givanni,plaisance,m,october 28 1994,austria,peach_puff,apples,windows,/bin/tcsh,all
zp7910,zyen,phang,m,february 12 1992,egypt,dark_salmon,oranges,mac,/bin/tcsh,drop
ca9305,connor,acre,m,july 14 1997,south_africa,dark_blue,pears,mac,/bin/csh,create
ev3261,elin,vera,m,may 12 1998,portugal,blue,bananas,mac,/bin/ksh,select
ds5565,devine,schaad,m,january 14 1986,barbados,light_salmon,raspberries,mac,/bin/tcsh,create
ec9725,eudora,chenevert,f,november 9 1994,lithuania,plum,pineapple,windows,/bin/csh,create
kk7000,kelson,knobbe,m,september 7 1991,spain,tomato,bananas,windows,/bin/bash,delete
tl6173,tinley,lenard,f,february 15 1997,lithuania,pink,watermelon,mac,/bin/bash,drop
jl7524,jermaine,lichty,m,september 30 1996,norway,pink,lemons,mac,/bin/tcsh,create
sr6540,sophiamarie,rehn,f,may 5 1989,burkina_faso,linen,pears,mac,/bin/bash,delete
at2812,ajahni,ticknor,m,january 12 1986,el_salvador,slate_blue,oranges,windows,/bin/ksh,execute
mm6101,mazon,mesick,m,september 2 1990,egypt,green_yellow,nectarines,mac,/bin/tcsh,delete
kh7208,katelynne,hegde,f,september 6 1988,uzbekistan,peach_puff,watermelon,windows,/bin/bash,delete
ac7746,areni,claflin,f,november 18 1989,philippines,deep_pink,nectarines,windows,/bin/tcsh,update
ab8633,adisyn,bonanni,f,october 6 1999,luxembourg,lime,oranges,mac,/bin/ksh,drop
ca5737,channah,almquist,f,march 27 1989,germany,medium_violet_red,cantaloupe,mac,/bin/ksh,update
gr5978,gor,rochin,m,january 16 1999,georgia,medium_aquamarine,plums,windows,/bin/csh,execute
db6825,david,byram,m,september 19 1993,switzerland,aqua,blackberries,mac,/bin/csh,update
ag7964,arora,goral,f,december 30 1993,peru,dodger_blue,grapes,mac,/bin/csh,select
vc9155,vinayak,cowden,m,november 4 1990,thailand,moccasin,strawberries,windows,/bin/tcsh,execute
sg8000,sage,goudeau,f,october 11 1986,denmark,sea_green,watermelon,mac,/bin/csh,update
aw2058,anira,whorton,f,april 8 1991,france,orange,cantaloupe,windows,/bin/bash,select
az8401,angeleah,ziebell,f,february 19 1989,ukraine,dark_sea_green,cherries,mac,/bin/bash,drop
ka3570,kc,araki,m,february 11 1988,guatemala,dark_turquoise,grapes,windows,/bin/bash,drop
bz9950,baran,zion,f,april 2 1995,latvia,dark_orchid,peaches,mac,/bin/bash,delete
ah2661,aniyah,heras,f,december 22 1998,switzerland,honeydew,watermelon,windows,/bin/tcsh,insert
jt5678,janea,tomko,f,february 11 1997,greece,olive,mangoes,windows,/bin/tcsh,delete
kd3388,kelsi,dunnam,f,july 24 1995,tanzania,sea_green,pineapple,windows,/bin/ksh,update
eb2782,eluzer,brier,m,november 14 1988,india,web_gray,blueberries,mac,/bin/tcsh,execute
sl9513,stephani,labeau,f,july 5 1986,eritrea,yellow,grapes,windows,/bin/tcsh,drop
pc9780,paysley,crooker,f,august 12 1999,chinese_taipei,green,limes,mac,/bin/bash,drop
bk6163,breck,kundert,m,october 6 1990,tunisia,light_sky_blue,avocados,mac,/bin/bash,update
ek5747,emberlie,kissane,f,february 27 1997,united_states,light_yellow,cantaloupe,windows,/bin/tcsh,create
da1436,daymian,amini,m,may 29 1985,new_zealand,black,grapes,windows,/bin/tcsh,create
ph5931,pascale,halsey,f,november 10 1989,argentina,light_goldenrod,mangoes,windows,/bin/bash,execute
ek7423,elowyn,keith,f,december 8 1992,israel,cadet_blue,lemons,windows,/bin/tcsh,update
lv5942,leylany,vona,f,june 16 1990,bangladesh,sienna,apples,mac,/bin/csh,insert
zs9669,zamire,salasar,m,april 25 1988,brazil,indian_red,blackberries,windows,/bin/bash,insert
sw1522,santy,weiskopf,m,december 27 1991,austria,deep_pink,bananas,windows,/bin/tcsh,delete
da2123,damien,armendarez,m,june 7 1991,italy,alice_blue,raspberries,mac,/bin/bash,delete
as2166,ariyan,sudderth,m,april 15 1998,liechtenstein,old_lace,strawberries,mac,/bin/ksh,insert
nh3327,nhien,hren,f,february 10 1985,cayman_islands,crimson,strawberries,mac,/bin/bash,create
do6115,deen,oden,m,december 6 1998,hong_kong,khaki,limes,mac,/bin/ksh,insert
rd1354,rahima,delgreco,f,december 6 1996,tunisia,web_maroon,pears,windows,/bin/tcsh,drop
rp3596,raeleen,puente,f,november 17 1989,slovenia,magenta,blackberries,mac,/bin/csh,update
js6838,jannely,sablan,f,october 3 1997,canada,floral_white,avocados,mac,/bin/tcsh,update
aq7997,aracelli,quarles,f,september 6 1997,romania,honeydew,plums,mac,/bin/tcsh,drop
cj5498,christyn,jarboe,f,january 6 1999,ivory_coast,dark_violet,cantaloupe,mac,/bin/ksh,select
as6534,amaani,stiner,f,october 21 1991,algeria,web_purple,cherries,windows,/bin/tcsh,drop
mb5710,maelie,bayliss,f,april 18 1997,venezuela,misty_rose,pineapple,mac,/bin/csh,drop
rk9438,ricky,keathley,f,august 20 1993,slovakia,misty_rose,plums,mac,/bin/csh,update
kr9718,kalai,ransom,f,march 16 1988,thailand,rosy_brown,peaches,mac,/bin/csh,all
ft6544,frimy,test,f,june 16 1992,south_africa,medium_slate_blue,mangoes,mac,/bin/bash,create
av3360,ariely,vanorder,f,december 23 1992,eritrea,white,blackberries,mac,/bin/tcsh,execute
an3808,aideen,nalbandian,f,january 22 1993,venezuela,medium_purple,cherries,mac,/bin/ksh,select
ke4355,kamille,engle,f,november 17 1985,cuba,dark_gray,mangoes,mac,/bin/csh,update
mh8120,matei,hummel,m,july 29 1987,botswana,light_sky_blue,mangoes,mac,/bin/csh,delete
sb3686,shazain,bour,m,march 14 1993,zambia,light_steel_blue,blueberries,mac,/bin/bash,execute
ij4494,ishitha,jennings,f,september 9 1999,belarus,web_purple,cantaloupe,mac,/bin/ksh,execute
vq1361,victoire,quayle,f,august 20 1997,great_britain,dark_blue,cantaloupe,windows,/bin/ksh,select
ac3511,alycia,cassano,f,march 7 1992,the_gambia,pale_green,raspberries,windows,/bin/bash,delete
fs7734,frasier,stoltz,m,july 30 1997,cuba,indigo,pears,windows,/bin/tcsh,create
rb6719,rondell,buffum,m,may 14 1997,singapore,white_smoke,strawberries,mac,/bin/tcsh,select
bc8374,brailynn,chichester,f,december 7 1992,namibia,white_smoke,nectarines,windows,/bin/tcsh,all
vc2106,vigo,calcaterra,m,january 2 1999,latvia,indigo,plums,windows,/bin/csh,delete
jp5186,jaritza,prophete,f,august 11 1998,thailand,plum,strawberries,windows,/bin/ksh,all
rg6001,rosanna,goodling,f,june 10 1998,chile,magenta,lemons,windows,/bin/csh,select
dl1685,dreu,lococo,m,september 15 1987,el_salvador,yellow_green,blueberries,mac,/bin/bash,select
vp9450,vansh,pesantez,m,february 11 1994,united_states,cornsilk,bananas,mac,/bin/tcsh,insert
jf6259,juhi,fellman,f,december 18 1996,spain,alice_blue,peaches,mac,/bin/ksh,execute
ar1574,alecsander,ruth,m,may 19 1994,tunisia,thistle,pineapple,windows,/bin/bash,select
nr2419,nazly,romesburg,f,april 7 1987,norway,tomato,cherries,mac,/bin/ksh,all
lf5501,lois,farag,f,november 22 1986,angola,old_lace,plums,mac,/bin/csh,all
bw6735,bash,whitehouse,m,november 22 1989,ecuador,peach_puff,grapes,windows,/bin/ksh,update
tf7459,taloni,fought,f,april 5 1992,poland,lime_green,peaches,mac,/bin/tcsh,insert
an8432,alias,nocella,m,january 7 1993,eritrea,moccasin,avocados,mac,/bin/bash,update
bb8445,braxtyn,berrios,f,august 26 1986,nigeria,dark_salmon,pineapple,mac,/bin/ksh,all
ae4600,arlington,earnshaw,f,september 18 1998,algeria,burlywood,peaches,mac,/bin/bash,update
zz9833,zire,zundel,m,june 21 1994,cayman_islands,dark_violet,apples,windows,/bin/ksh,update
sc1294,santiago,coletti,f,january 16 1990,indonesia,dark_orchid,oranges,windows,/bin/csh,all
kr6921,keshaun,rauh,m,september 13 1993,barbados,indian_red,cherries,mac,/bin/tcsh,drop
cm8759,caison,mannix,m,october 21 1989,pakistan,medium_aquamarine,strawberries,mac,/bin/bash,create
br6011,barnabas,rieman,m,june 29 1991,thailand,tomato,peaches,mac,/bin/tcsh,update
tn2397,taraoluwa,nunnally,f,september 3 1997,united_states,steel_blue,strawberries,windows,/bin/bash,select
sp9875,sully,pidgeon,m,november 9 1993,rwanda,sky_blue,plums,windows,/bin/ksh,insert
mr6000,mylan,rosato,f,may 12 1987,austria,white_smoke,cherries,mac,/bin/bash,insert
jg3304,johnathan,graft,m,may 27 1989,peru,dark_slate_gray,mangoes,mac,/bin/bash,execute
er8723,emme,rajagopalan,f,may 10 1992,venezuela,aquamarine,oranges,mac,/bin/bash,update
mm6377,mariapaz,mangal,f,april 18 1999,georgia,olive,lemons,mac,/bin/csh,delete
eh1192,ephraim,huth,m,april 28 1990,chile,lime,plums,windows,/bin/csh,select
sb6862,suhayla,boschert,f,september 5 1989,mongolia,navajo_white,watermelon,mac,/bin/csh,all
mp8420,maraki,parkins,f,july 12 1993,uruguay,chocolate,pears,mac,/bin/ksh,all
bs7515,brig,stumbaugh,m,may 28 1999,argentina,dark_salmon,cherries,mac,/bin/csh,insert
kr5381,katyayani,raynes,f,july 28 1995,ethiopia,purple,pears,mac,/bin/csh,execute
hp4816,haxton,prettyman,m,july 4 1994,finland,navy_blue,blackberries,mac,/bin/bash,delete
bd9139,bryer,doran,m,july 1 1988,finland,light_slate_gray,bananas,windows,/bin/csh,drop
ke4464,kenidee,edmiston,f,may 9 1995,cayman_islands,web_purple,limes,mac,/bin/tcsh,delete
lr9480,laetitia,rosenau,f,june 6 1991,bulgaria,sienna,cantaloupe,windows,/bin/csh,drop
rk5049,roney,kalil,m,july 11 1987,liechtenstein,peach_puff,grapes,mac,/bin/ksh,select
eh7694,edoardo,hoaglin,m,june 5 1998,ukraine,brown,cherries,mac,/bin/ksh,select
ss6746,shamari,sapienza,m,may 29 1988,philippines,purple,cherries,windows,/bin/bash,drop
dc8885,dannika,covelli,f,august 16 1988,poland,gold,mangoes,windows,/bin/ksh,select
sm1523,santigo,medina,m,february 18 1991,argentina,chartreuse,apples,windows,/bin/csh,update
cr4053,chanel,reddy,f,may 14 1998,qatar,dark_red,pineapple,mac,/bin/bash,update
zp9611,ziora,parrett,f,october 23 1986,the_gambia,dark_khaki,nectarines,mac,/bin/tcsh,insert
lm3001,lleyton,matsunaga,m,february 29 1999,ecuador,dark_red,oranges,windows,/bin/ksh,select
tw9427,tensley,willhite,f,september 24 1988,fiji,light_coral,pears,windows,/bin/ksh,insert
ra2785,rmon,albornoz,m,april 27 1994,canada,light_steel_blue,nectarines,windows,/bin/csh,drop
kw6997,kylann,woodin,m,february 16 1991,switzerland,maroon,avocados,windows,/bin/ksh,insert
kr9127,karley,regalado,f,march 28 1988,serbia,papaya_whip,watermelon,mac,/bin/csh,update
wl6713,washington,lovick,m,november 13 1988,liberia,blue,raspberries,mac,/bin/tcsh,insert
dg5464,dania,gies,f,february 8 1985,peru,rebecca_purple,plums,windows,/bin/csh,execute
ds3459,demanuel,strandberg,m,december 26 1994,bosnia_and_herzegovina,light_slate_gray,lemons,mac,/bin/csh,update
po6593,paz,oropeza,f,february 9 1991,luxembourg,fuchsia,avocados,windows,/bin/tcsh,create
gm5818,germani,mosso,f,november 27 1998,pakistan,gray,bananas,windows,/bin/bash,insert
rd7716,raniya,duffield,f,march 22 1997,kazakhstan,light_pink,blueberries,mac,/bin/csh,delete
dt9658,dairon,tinch,m,december 27 1987,brazil,pale_violet_red,blackberries,windows,/bin/tcsh,select
dg9857,disha,grab,f,january 18 1995,brazil,white,cantaloupe,mac,/bin/csh,update
rp4516,rylee,prevatte,f,november 13 1989,germany,floral_white,pears,mac,/bin/csh,drop
jo2343,jovani,ogren,m,may 1 1998,peru,old_lace,bananas,mac,/bin/tcsh,delete
as8634,andi,shahin,m,june 18 1995,costa_rica,yellow,blackberries,mac,/bin/ksh,create
cs1269,cyani,stasik,f,november 9 1986,italy,aqua,grapes,mac,/bin/ksh,select
st7120,sehajpreet,toothaker,f,december 24 1993,dominican_republic,blanched_almond,nectarines,windows,/bin/csh,update
tp7657,tam,pietro,f,february 27 1994,liechtenstein,medium_turquoise,limes,windows,/bin/tcsh,select
ac9137,asrith,campillo,m,august 7 1996,el_salvador,light_sea_green,grapes,windows,/bin/bash,insert
zd9238,zein,dimeglio,m,april 1 1990,belarus,wheat,avocados,windows,/bin/tcsh,delete
en8812,emerald,noren,f,may 28 1999,cyprus,light_sea_green,apples,windows,/bin/ksh,update
cn3958,chi,nikolov,m,june 23 1985,barbados,ghost_white,peaches,windows,/bin/ksh,update
aa1864,ailsa,alcorta,f,january 4 1998,algeria,royal_blue,pears,mac,/bin/csh,update
kt3413,keiryn,tallman,f,august 27 1999,tanzania,moccasin,raspberries,mac,/bin/csh,delete
hp8944,hollis,plemons,f,september 17 1991,mexico,medium_violet_red,grapes,mac,/bin/ksh,create
mw3341,major,weeks,m,november 5 1985,albania,medium_sea_green,raspberries,mac,/bin/bash,drop
cq9788,cristy,qiu,f,june 19 1999,norway,saddle_brown,strawberries,windows,/bin/bash,all
kf8861,kenni,fidler,f,february 29 1986,sao_tome_and_principe,navy_blue,watermelon,mac,/bin/tcsh,create
kb8462,kyeir,beller,m,april 2 1991,namibia,orange,lemons,mac,/bin/csh,update
rb8861,riggs,bibler,m,september 11 1986,finland,dark_blue,lemons,windows,/bin/tcsh,all
fs6467,fallynn,sutphin,f,january 4 1996,netherlands,indian_red,strawberries,mac,/bin/ksh,update
jp5601,jameison,pistone,m,july 6 1988,grenada,floral_white,limes,mac,/bin/ksh,create
pb9224,page,bushnell,f,january 8 1987,uruguay,dark_green,cherries,mac,/bin/bash,update
yl1505,yazlynn,laskowski,f,september 7 1994,botswana,chartreuse,avocados,windows,/bin/bash,execute
ne4452,nazeer,elmquist,m,january 20 1988,russia,pale_goldenrod,peaches,mac,/bin/bash,insert
ms8559,majed,siddique,m,march 7 1990,angola,slate_blue,cherries,windows,/bin/csh,select
jh8111,jyrie,hogans,m,october 5 1985,spain,powder_blue,peaches,windows,/bin/tcsh,select
kt8431,kiomara,turpen,f,november 7 1986,botswana,fuchsia,cherries,mac,/bin/csh,update
al8327,adryan,lopiccolo,m,june 3 1989,uzbekistan,lavender_blush,watermelon,mac,/bin/bash,execute
nm6497,natsumi,milewski,f,august 29 1998,canada,dark_magenta,limes,windows,/bin/tcsh,update
mf3734,malian,foronda,f,february 14 1987,bulgaria,sienna,raspberries,mac,/bin/csh,insert
aw3711,amaree,wilford,f,august 9 1986,netherlands,snow,cantaloupe,windows,/bin/csh,all
kv4793,kianna,vanderhoff,f,august 29 1988,thailand,forest_green,grapes,mac,/bin/tcsh,insert
bm9480,braelin,marine,m,june 9 1985,singapore,burlywood,bananas,windows,/bin/ksh,create
ah7776,abir,huls,m,april 6 1993,india,medium_orchid,cherries,windows,/bin/bash,execute
lm9213,lilou,mizer,f,june 15 1998,australia,maroon,peaches,windows,/bin/tcsh,create
hp1376,haleema,pazmino,f,august 1 1998,ukraine,slate_blue,strawberries,mac,/bin/bash,insert
hd5308,hamida,draughon,f,december 19 1991,indonesia,dark_slate_blue,cherries,mac,/bin/bash,update
ns1882,nadeem,seraphin,m,april 18 1990,finland,floral_white,blackberries,windows,/bin/csh,execute
eb7314,ever,beharry,m,may 19 1990,finland,snow,grapes,windows,/bin/csh,update
kw5501,kalayia,ware,f,april 10 1986,japan,ivory,mangoes,windows,/bin/ksh,create
ak2431,aafiya,kistner,f,september 21 1995,rwanda,cornsilk,avocados,windows,/bin/tcsh,insert
jr3825,jayel,romesburg,m,march 19 1997,hong_kong,slate_blue,peaches,mac,/bin/ksh,create
ae6874,alany,enlow,f,november 11 1990,uzbekistan,light_coral,nectarines,mac,/bin/tcsh,delete
ab8390,aylen,bartko,m,december 21 1992,malaysia,light_slate_gray,blueberries,windows,/bin/bash,insert
nb4533,natalina,bischof,f,july 9 1993,algeria,dark_turquoise,nectarines,mac,/bin/tcsh,drop
fs5820,fionnuala,seidler,f,march 27 1998,chad,medium_violet_red,pineapple,mac,/bin/ksh,create
nd4709,napoleon,davey,m,january 27 1997,eritrea,lavender,raspberries,mac,/bin/ksh,create
oz4543,ossian,zullo,m,june 23 1999,tunisia,web_purple,mangoes,mac,/bin/ksh,insert
jf6967,jori,frasco,f,january 27 1989,trinidad_and_tobago,light_sea_green,oranges,windows,/bin/bash,select
ab8131,adylene,brissette,f,june 13 1986,british_virgin_islands,medium_violet_red,cherries,windows,/bin/ksh,select
kj8578,kaizen,jennett,f,january 26 1998,pakistan,violet,strawberries,mac,/bin/bash,all
em4598,esau,mcleod,m,january 3 1991,mexico,cyan,blueberries,windows,/bin/bash,drop
np1148,naiyah,pearse,f,may 23 1986,botswana,linen,oranges,windows,/bin/csh,update
pw3760,padma,wigfall,f,november 10 1985,bosnia_and_herzegovina,purple,pineapple,windows,/bin/tcsh,all
ah2065,addalyne,hairston,f,june 25 1992,bulgaria,dark_khaki,mangoes,windows,/bin/bash,all
rm2297,ryelynn,maher,f,may 13 1992,costa_rica,medium_slate_blue,cherries,windows,/bin/bash,select
nf3026,nyere,fangman,m,september 10 1989,guatemala,light_coral,lemons,windows,/bin/ksh,delete
sw6951,saqib,wisdom,m,february 5 1991,latvia,sienna,apples,mac,/bin/ksh,select
my5785,marleigha,york,f,may 10 1997,tanzania,light_salmon,grapes,windows,/bin/csh,insert
sc4948,suhani,crooker,f,march 18 1988,chinese_taipei,fuchsia,peaches,mac,/bin/bash,all
kt2424,kinkade,tschida,m,august 14 1992,japan,aquamarine,raspberries,windows,/bin/ksh,update
ec6817,earnest,custodio,m,january 17 1989,france,bisque,raspberries,windows,/bin/ksh,all
as7725,amaria,spang,f,september 5 1995,hungary,lavender,blueberries,mac,/bin/csh,all
jr5430,jaksen,raphael,m,november 18 1987,brazil,pink,peaches,windows,/bin/ksh,update
mm1408,megumi,money,f,december 29 1986,ecuador,medium_orchid,nectarines,windows,/bin/tcsh,all
le1499,leti,ewan,f,march 30 1992,venezuela,white,peaches,mac,/bin/csh,execute
oj9987,olliver,juma,m,may 11 1997,morocco,lavender_blush,peaches,windows,/bin/bash,delete
cv6864,chessa,vallery,f,october 29 1994,ukraine,steel_blue,blueberries,mac,/bin/bash,execute
ks8052,kentaro,stephan,m,october 27 1999,peru,olive_drab,strawberries,mac,/bin/bash,select
cs4627,choyce,sutter,f,november 25 1988,mongolia,navajo_white,peaches,windows,/bin/csh,delete
lb9641,liviana,breon,f,august 7 1991,india,purple,plums,mac,/bin/csh,select
mm9451,mazey,musleh,f,november 13 1992,sao_tome_and_principe,blue,plums,mac,/bin/tcsh,drop
mv5950,marcellous,vasta,m,november 25 1995,cyprus,steel_blue,strawberries,mac,/bin/bash,drop
ak5653,aamina,koop,f,august 18 1993,vietnam,papaya_whip,bananas,mac,/bin/ksh,execute
sh5608,shayaan,hayek,m,october 20 1998,kazakhstan,medium_spring_green,limes,windows,/bin/ksh,execute
pl1053,psalm,levins,m,july 17 1985,canada,lavender_blush,nectarines,windows,/bin/ksh,insert
da3996,dakoda,adkinson,f,june 15 1989,ireland,violet,blueberries,windows,/bin/tcsh,all
zs1201,zerenity,schindler,f,january 5 1990,indonesia,plum,peaches,mac,/bin/bash,all
ab9175,azeneth,boisvert,f,january 6 1998,czech_republic,indigo,grapes,windows,/bin/ksh,execute
eh3520,emrik,hutchinson,m,july 25 1986,uzbekistan,bisque,watermelon,windows,/bin/csh,select
jc8011,jayniel,curren,m,september 20 1995,russia,pale_green,limes,mac,/bin/bash,execute
vv7178,varun,vides,m,january 30 1989,sweden,coral,limes,windows,/bin/csh,update
fz6749,franklyn,zuber,f,september 25 1995,luxembourg,turquoise,raspberries,windows,/bin/csh,execute
ar2293,ahlias,reeves,m,may 14 1997,japan,magenta,mangoes,windows,/bin/bash,execute
jm3552,jashaun,meeker,m,august 8 1991,cayman_islands,indigo,cantaloupe,windows,/bin/bash,execute
lv2678,leni,vanscyoc,f,december 18 1987,kuwait,khaki,strawberries,mac,/bin/bash,select
cv4247,cloud,vandenburgh,m,august 28 1993,puerto_rico,rosy_brown,avocados,windows,/bin/ksh,create
sp3227,sirus,peevy,m,november 20 1997,dominican_republic,lawn_green,pears,windows,/bin/tcsh,delete
mw8101,macklin,wrobel,f,january 24 1991,georgia,old_lace,peaches,windows,/bin/bash,create
te7256,taylie,etter,f,may 7 1991,singapore,lawn_green,lemons,mac,/bin/csh,drop
tt9201,tysean,tillmon,m,august 9 1994,italy,pale_goldenrod,avocados,windows,/bin/ksh,create
vt3316,valentina,topper,f,july 15 1990,israel,royal_blue,apples,windows,/bin/bash,insert
rs8655,recardo,schelling,m,august 9 1990,egypt,plum,limes,mac,/bin/ksh,drop
dd5721,dolores,dettloff,f,october 24 1986,brazil,light_slate_gray,raspberries,windows,/bin/bash,delete
mg2768,makilah,gillam,f,may 24 1986,singapore,alice_blue,grapes,windows,/bin/ksh,create
sc7674,savant,chojnacki,m,december 27 1991,denmark,alice_blue,mangoes,windows,/bin/tcsh,drop
hp4346,hazal,pomroy,f,january 13 1990,algeria,bisque,watermelon,mac,/bin/csh,update
jc2361,josephine,canham,f,february 13 1993,romania,salmon,cherries,mac,/bin/ksh,update
lf3415,leilana,fabian,f,january 6 1998,liberia,red,plums,mac,/bin/tcsh,all
hc9253,harmonie,crout,f,november 20 1998,uganda,moccasin,mangoes,mac,/bin/tcsh,create
aj8349,apollo,juhl,m,october 23 1998,hungary,purple,watermelon,windows,/bin/bash,drop
ab5499,amayla,bush,f,january 19 1991,zambia,ivory,avocados,windows,/bin/bash,create
bj4874,bowie,jenness,f,november 14 1987,romania,web_purple,raspberries,windows,/bin/csh,select
nh3842,neyla,holdaway,f,february 8 1988,poland,crimson,peaches,mac,/bin/csh,execute
mm3217,marriana,mesidor,f,october 2 1990,cayman_islands,purple,pears,mac,/bin/tcsh,create
sc1481,siddiq,chun,m,october 9 1999,ethiopia,lime_green,pears,mac,/bin/tcsh,select
er6957,ezmay,ruffing,f,august 6 1997,hungary,tan,pears,mac,/bin/csh,execute
ag1179,andersyn,graybill,f,june 29 1992,germany,purple,pears,mac,/bin/csh,drop
sz9941,siddh,zehner,m,september 1 1993,guyana,lemon_chiffon,bananas,windows,/bin/bash,all
yh3329,yussuf,hollandsworth,m,december 27 1995,british_virgin_islands,dark_salmon,watermelon,mac,/bin/csh,create
mh2390,modesty,hinostroza,f,november 15 1999,british_virgin_islands,purple,limes,windows,/bin/ksh,execute
mw5288,merliah,wintermute,f,november 6 1999,egypt,cyan,avocados,mac,/bin/ksh,drop
kp9350,kimon,penny,m,may 15 1993,vietnam,dark_slate_gray,watermelon,windows,/bin/csh,insert
bs7613,bellatrix,sholar,f,june 7 1991,cayman_islands,cadet_blue,peaches,windows,/bin/ksh,create
so5772,shayna,osterloh,f,august 16 1988,china,lime_green,cherries,windows,/bin/bash,delete
zl8762,zacchaeus,loose,m,october 24 1993,france,medium_spring_green,plums,windows,/bin/ksh,update
fb7763,fraidy,balentine,f,september 14 1994,ireland,pink,mangoes,mac,/bin/tcsh,delete
rl9568,ruthanna,lemons,f,february 2 1996,japan,pink,plums,mac,/bin/bash,delete
bm9306,bailey,mathes,m,october 12 1985,pakistan,red,limes,windows,/bin/bash,create
lb2719,lany,basel,f,may 20 1991,japan,royal_blue,limes,windows,/bin/csh,update
kf3891,kaesyn,frasher,f,july 12 1991,tunisia,yellow,apples,windows,/bin/bash,select
pb9697,pharrah,bewley,f,october 27 1990,uzbekistan,beige,oranges,windows,/bin/csh,create
as2818,anndrea,saephanh,f,october 13 1993,iran,mint_cream,watermelon,mac,/bin/csh,delete
rs3820,refugio,sager,m,january 20 1991,namibia,rebecca_purple,lemons,mac,/bin/tcsh,insert
kg5296,kahleel,galdamez,m,december 7 1989,nigeria,dark_blue,raspberries,windows,/bin/csh,update
ch5189,cayde,hertzberg,m,january 25 1998,united_states,rebecca_purple,lemons,windows,/bin/tcsh,delete
sr3549,skylei,radomski,f,april 8 1993,spain,beige,cherries,windows,/bin/tcsh,insert
lw1638,lovelle,wolf,f,june 19 1999,ethiopia,moccasin,limes,mac,/bin/ksh,update
ab6682,amarachukwu,bader,f,august 3 1986,cuba,light_pink,blueberries,mac,/bin/ksh,execute
sw8983,safari,wonderly,f,august 8 1994,south_africa,linen,plums,mac,/bin/csh,select
tm5470,toba,mcqueary,f,july 10 1998,canada,dark_gray,peaches,mac,/bin/tcsh,execute
nj9208,niyati,janiszewski,f,may 28 1999,canada,web_maroon,lemons,windows,/bin/csh,update
ae6841,abrie,evers,f,august 15 1989,british_virgin_islands,linen,blackberries,mac,/bin/ksh,select
ad2791,alizabeth,dayan,f,december 19 1985,the_gambia,olive,plums,windows,/bin/tcsh,select
jt1197,jahaziel,toth,m,july 5 1994,hong_kong,lemon_chiffon,bananas,windows,/bin/bash,delete
ig1809,isam,garbarino,m,may 16 1996,china,light_sea_green,blackberries,windows,/bin/bash,update
zl5738,zaliyah,lascala,f,october 6 1998,grenada,ghost_white,plums,windows,/bin/tcsh,all
ak5317,atenea,klinge,f,december 23 1986,jamaica,cadet_blue,watermelon,windows,/bin/bash,create
kh2658,khyland,hedgepeth,m,february 9 1987,italy,deep_pink,pineapple,mac,/bin/tcsh,all
is1261,imir,sabol,m,june 5 1993,south_africa,azure,oranges,windows,/bin/bash,execute
jt9281,johnathon,trottier,m,may 3 1992,chad,aqua,oranges,mac,/bin/bash,all
kd3942,khloei,drozd,f,march 4 1999,norway,medium_spring_green,lemons,mac,/bin/csh,insert
ea1764,elios,albornoz,m,september 4 1994,albania,light_steel_blue,pears,windows,/bin/bash,insert
dk7664,daire,kiraly,m,february 22 1990,switzerland,antique_white,bananas,windows,/bin/csh,insert
kl2935,knightly,lampert,f,november 9 1997,the_gambia,deep_pink,mangoes,windows,/bin/ksh,delete
bp6631,bricia,petre,f,july 15 1999,australia,orchid,avocados,windows,/bin/ksh,update
ka4376,kiernan,arno,m,may 12 1987,south_korea,lawn_green,nectarines,windows,/bin/bash,create
sb8857,siam,burba,m,june 16 1991,norway,medium_purple,apples,windows,/bin/bash,insert
ec8230,ellaria,chapman,f,january 22 1988,kazakhstan,dark_slate_gray,lemons,windows,/bin/csh,drop
nw4409,nyleigh,wetherington,f,august 5 1987,poland,rebecca_purple,strawberries,windows,/bin/csh,all
ja8471,jayley,amadio,f,august 5 1992,bosnia_and_herzegovina,yellow,peaches,mac,/bin/ksh,insert
av4118,alyx,villacis,m,may 24 1992,the_gambia,beige,limes,windows,/bin/tcsh,delete
la1505,lipa,alatorre,m,october 30 1988,bahamas,cornsilk,oranges,mac,/bin/ksh,create
gl7520,grant,lambertson,f,january 23 1991,botswana,medium_violet_red,cantaloupe,mac,/bin/bash,create
ns2392,navisha,saltz,f,december 23 1987,luxembourg,dodger_blue,strawberries,mac,/bin/tcsh,all
gd3211,gamora,don,f,february 24 1989,latvia,medium_sea_green,blueberries,mac,/bin/tcsh,insert
jb4273,josee,biagini,f,january 8 1995,namibia,dark_olive_green,nectarines,mac,/bin/bash,select
tg8305,tyrael,gottshall,m,may 2 1995,france,moccasin,pineapple,windows,/bin/csh,execute
as8245,abed,saechao,m,december 26 1994,china,white,pears,windows,/bin/ksh,all
mr9554,maka,rye,f,october 29 1990,namibia,indigo,limes,mac,/bin/csh,execute
aa5112,aryzona,awe,f,october 13 1995,qatar,tan,pears,windows,/bin/tcsh,insert
pl1978,price,leppert,m,june 8 1998,san_marino,beige,grapes,windows,/bin/csh,create
ak3842,aaren,klabunde,m,march 17 1996,uruguay,dark_khaki,pears,mac,/bin/csh,update
rb7106,rashad,boberg,m,february 12 1999,qatar,yellow_green,peaches,windows,/bin/tcsh,delete
xs9154,xola,schweizer,f,february 27 1999,rwanda,hot_pink,cherries,windows,/bin/bash,delete
sa8668,shiann,aston,f,may 4 1988,hungary,linen,peaches,windows,/bin/csh,drop
jm6344,jancarlos,mongold,m,july 2 1991,grenada,teal,blackberries,mac,/bin/csh,insert
ma2690,muneer,alspaugh,m,march 8 1989,china,deep_sky_blue,avocados,mac,/bin/bash,drop
rb7847,rehat,baldonado,f,september 17 1997,slovakia,orange_red,blueberries,mac,/bin/csh,select
ir7386,izyan,rohner,m,november 12 1990,uruguay,spring_green,limes,mac,/bin/tcsh,select
bf2756,bhumika,fineman,f,november 24 1997,zambia,light_steel_blue,oranges,mac,/bin/tcsh,insert
ao7433,ainslee,officer,f,january 11 1995,thailand,tomato,raspberries,windows,/bin/csh,delete
ac5137,arizona,cuda,m,january 11 1992,colombia,turquoise,pineapple,mac,/bin/ksh,drop
ie3069,itzia,edgett,f,july 11 1987,israel,medium_blue,pineapple,mac,/bin/csh,execute
rb6113,reddington,bigelow,m,february 29 1996,sweden,light_cyan,plums,mac,/bin/tcsh,update
aq8382,addonis,quigley,m,february 5 1994,portugal,cornsilk,plums,windows,/bin/tcsh,select
kd7919,katelynn,din,f,august 9 1995,british_virgin_islands,light_green,grapes,windows,/bin/tcsh,create
ci3423,cord,in,m,january 18 1992,zambia,deep_sky_blue,avocados,mac,/bin/bash,drop
df1853,darsh,florencio,m,september 23 1994,belgium,plum,plums,mac,/bin/tcsh,create
mb5802,molina,baucum,f,september 14 1985,cuba,sandy_brown,raspberries,windows,/bin/bash,insert
bd5570,brecken,duron,m,october 12 1993,russia,antique_white,apples,mac,/bin/csh,select
jz6571,jhordan,zelinsky,m,january 25 1992,bulgaria,misty_rose,pears,windows,/bin/bash,select
al4606,anibal,lange,m,july 23 1988,vietnam,sienna,peaches,windows,/bin/bash,create
ms2775,mackenzi,sosebee,f,october 25 1985,san_marino,pale_goldenrod,plums,windows,/bin/ksh,all
mi9893,maelin,izquierdo,f,july 2 1998,cayman_islands,lemon_chiffon,mangoes,windows,/bin/ksh,delete
iq3512,izabel,quevedo,f,january 4 1993,colombia,aqua,mangoes,windows,/bin/bash,select
ap1599,arisbel,parr,f,october 21 1989,angola,maroon,grapes,windows,/bin/bash,delete
kk2573,kreedon,kettle,m,june 20 1989,algeria,dim_gray,strawberries,windows,/bin/csh,insert
em4775,emlyn,montesano,f,may 4 1994,norway,dark_slate_blue,peaches,windows,/bin/csh,delete
nm8697,noureen,mccullers,f,october 20 1990,canada,dark_blue,pears,mac,/bin/ksh,delete
sb8240,shane,boyter,f,june 13 1988,indonesia,teal,pineapple,mac,/bin/bash,select
al7726,amatullah,leatham,f,october 21 1988,ivory_coast,orange_red,pears,windows,/bin/csh,update
jt5648,jaelyn,timberlake,m,june 1 1987,bosnia_and_herzegovina,pale_green,bananas,windows,/bin/ksh,delete
ge4088,gunnar,ellard,m,june 13 1995,nigeria,light_green,cherries,windows,/bin/tcsh,drop
dm2256,dontay,minear,m,april 29 1998,brazil,indigo,limes,mac,/bin/tcsh,all
ks6470,kristoffer,shomo,m,february 10 1999,portugal,linen,blueberries,windows,/bin/bash,create
ke5058,kennard,ebron,m,january 16 1985,niger,dark_goldenrod,apples,windows,/bin/tcsh,execute
kp6998,kayleena,petito,f,december 8 1986,portugal,peach_puff,watermelon,mac,/bin/tcsh,update
ih9431,infantgirl,harkin,f,june 2 1994,mexico,alice_blue,cantaloupe,windows,/bin/tcsh,select
ln8429,leviticus,nappi,m,september 9 1992,austria,dark_olive_green,peaches,mac,/bin/bash,drop
bp4274,briannah,pfaff,f,april 26 1999,el_salvador,misty_rose,peaches,mac,/bin/csh,delete
tc1651,taylan,castanon,f,july 2 1993,thailand,dark_turquoise,blackberries,windows,/bin/bash,delete
gl4662,gus,lessner,m,december 25 1993,namibia,powder_blue,plums,windows,/bin/bash,execute
km9997,karyah,mcconnell,f,june 13 1998,kuwait,snow,blueberries,windows,/bin/csh,insert
rd6023,ridhima,dail,f,november 20 1986,cuba,cadet_blue,apples,mac,/bin/bash,create
km5880,kalylah,mccauley,f,august 29 1992,zambia,pink,strawberries,windows,/bin/csh,insert
ea9272,evelinn,alpers,f,august 15 1987,cyprus,dark_slate_gray,pears,windows,/bin/ksh,update
ms4061,mileena,schutte,f,september 3 1992,ukraine,turquoise,blackberries,windows,/bin/tcsh,create
ak4916,aeson,kronk,m,june 27 1999,botswana,linen,watermelon,mac,/bin/csh,drop
as7710,alek,simcox,m,september 20 1996,philippines,web_green,strawberries,windows,/bin/ksh,create
bc2291,braylan,crabb,m,january 9 1986,dominican_republic,navajo_white,oranges,windows,/bin/bash,insert
cl3402,charliemae,luedtke,f,november 25 1991,kuwait,khaki,strawberries,windows,/bin/csh,create
hs4822,hilo,steward,m,august 8 1986,ireland,medium_blue,grapes,mac,/bin/csh,all
ml3089,majida,lintner,f,april 29 1988,trinidad_and_tobago,hot_pink,plums,mac,/bin/ksh,drop
hb4485,hajara,bourn,f,january 14 1999,rwanda,wheat,avocados,windows,/bin/bash,delete
kz3997,kaily,zepeda,f,september 24 1989,uganda,medium_aquamarine,watermelon,mac,/bin/bash,insert
kb7621,kealan,bomar,m,june 3 1994,zambia,light_steel_blue,peaches,mac,/bin/bash,select
ks6230,kavish,sundquist,m,june 3 1985,belgium,old_lace,avocados,mac,/bin/csh,insert
kk6135,khalina,kicklighter,f,may 3 1991,fiji,blanched_almond,watermelon,mac,/bin/ksh,select
ht2485,hadiya,trainor,f,november 25 1987,azerbaijan,dark_cyan,pears,windows,/bin/bash,create
rf3760,raine,fouche,f,march 20 1999,south_korea,linen,grapes,windows,/bin/bash,execute
af4668,anyel,fillman,m,october 25 1997,singapore,medium_spring_green,pineapple,mac,/bin/ksh,insert
ka8254,kinslea,almand,f,january 14 1998,peru,light_salmon,raspberries,mac,/bin/tcsh,drop
ip5899,izabellah,pulido,f,august 8 1985,burkina_faso,sandy_brown,blueberries,mac,/bin/tcsh,drop
bl6280,bain,lusher,m,april 9 1994,kuwait,papaya_whip,raspberries,windows,/bin/tcsh,insert
nb7777,novalynn,banderas,f,may 4 1995,jamaica,powder_blue,strawberries,windows,/bin/tcsh,insert
kt8453,kassie,termini,f,september 26 1998,germany,dark_orchid,apples,windows,/bin/ksh,select
at4432,analei,takacs,f,april 25 1996,luxembourg,orange,avocados,mac,/bin/bash,delete
ag9656,aiyanna,gerhart,f,july 11 1997,albania,old_lace,mangoes,windows,/bin/bash,select
hs8526,hailey,sereno,f,august 23 1987,bosnia_and_herzegovina,dark_sea_green,plums,windows,/bin/tcsh,all
ld4812,lamiya,derringer,f,may 10 1994,tanzania,orange,peaches,mac,/bin/ksh,drop
ab5640,averie,bare,m,november 9 1993,dominican_republic,bisque,oranges,windows,/bin/tcsh,select
lh7119,lyonel,hohl,m,august 19 1986,croatia,silver,limes,mac,/bin/csh,insert
zg2642,zyn,giambrone,m,february 4 1997,kenya,green,limes,windows,/bin/bash,insert
jy4275,joah,younce,m,may 17 1985,latvia,pink,lemons,windows,/bin/csh,update
kl1132,khalyla,lopezhernandez,f,april 2 1986,india,light_steel_blue,peaches,windows,/bin/csh,update
vr5524,vena,reade,f,march 15 1990,cyprus,web_maroon,mangoes,mac,/bin/csh,execute
sh1116,sebashtian,hauer,m,june 1 1988,south_korea,medium_turquoise,raspberries,mac,/bin/csh,select
tc7031,taggart,caulkins,m,august 19 1998,bulgaria,dark_salmon,bananas,windows,/bin/bash,create
hq7627,heavenli,querry,f,september 30 1991,turkey,light_slate_gray,pears,mac,/bin/csh,delete
hr5887,haygen,register,m,may 18 1987,czech_republic,turquoise,blueberries,mac,/bin/bash,drop
hc1575,holleigh,chilcoat,f,january 21 1986,british_virgin_islands,snow,mangoes,mac,/bin/ksh,delete
sj6365,stormy,judy,f,october 27 1990,south_africa,light_salmon,limes,mac,/bin/tcsh,update
lf7168,laraine,fury,f,july 27 1998,slovakia,salmon,pears,mac,/bin/ksh,drop
dl6807,daymien,luttrell,m,may 23 1999,luxembourg,firebrick,grapes,mac,/bin/bash,execute
ba1577,brextyn,andujar,m,july 30 1996,greece,chartreuse,grapes,mac,/bin/bash,execute
ar3537,ahnyla,rochefort,f,january 26 1993,lithuania,navajo_white,grapes,mac,/bin/ksh,create
am5979,aibhlinn,masten,f,may 14 1997,italy,blanched_almond,cherries,windows,/bin/ksh,delete
ah5222,atlas,hao,f,april 17 1985,algeria,ghost_white,blueberries,windows,/bin/bash,create
ek3903,emmit,kohout,m,march 6 1985,chad,forest_green,pineapple,mac,/bin/bash,update
mg8920,mayumi,gean,f,december 15 1986,cuba,ghost_white,grapes,mac,/bin/ksh,drop
rc8182,rafiq,corle,m,november 7 1989,eritrea,turquoise,blackberries,mac,/bin/ksh,update
sc8813,steven,coppinger,m,december 10 1986,bulgaria,magenta,lemons,mac,/bin/ksh,drop
lb8707,legaci,baskin,f,september 29 1996,botswana,pale_goldenrod,avocados,windows,/bin/csh,delete
av5781,adwin,vanwagner,m,october 21 1988,new_zealand,gold,oranges,mac,/bin/ksh,execute
as5383,aletta,skelton,f,april 24 1995,italy,burlywood,lemons,mac,/bin/tcsh,insert
sc5690,sirroyal,catino,m,august 23 1994,united_states,gray,pears,windows,/bin/csh,select
ja5504,juana,attwood,f,july 21 1989,slovakia,sky_blue,pineapple,mac,/bin/tcsh,all
hm3670,haydan,mikeska,m,december 22 1988,dominican_republic,medium_aquamarine,avocados,mac,/bin/bash,update
vw5128,venelope,willoughby,f,june 4 1994,israel,pale_turquoise,grapes,windows,/bin/csh,drop
hj7095,haroon,juhl,m,january 26 1992,kuwait,dark_cyan,limes,windows,/bin/ksh,delete
kg9137,keisha,gaviria,f,january 22 1989,thailand,gold,oranges,windows,/bin/bash,all
as4947,amyri,stransky,f,may 25 1985,norway,violet,lemons,windows,/bin/bash,update
am3949,adela,milliron,f,june 13 1992,bahamas,forest_green,blackberries,windows,/bin/ksh,execute
gp3769,gregor,pindell,m,february 30 1985,mexico,coral,peaches,windows,/bin/csh,create
mc6972,maelyn,connell,f,january 23 1993,south_korea,deep_pink,peaches,mac,/bin/tcsh,create
pr2776,promyce,raffaele,f,october 9 1988,moldova,dark_orange,lemons,windows,/bin/tcsh,all
ld9958,lukas,duffin,m,june 19 1991,bahamas,olive,cantaloupe,windows,/bin/bash,drop
kb7240,kaavya,blasi,f,november 21 1986,croatia,red,nectarines,mac,/bin/ksh,create
ag6735,amyna,geesaman,f,march 28 1995,estonia,teal,pineapple,windows,/bin/ksh,execute
bk9009,bradie,kircher,f,june 4 1999,burkina_faso,medium_violet_red,raspberries,windows,/bin/ksh,update
db4275,devaansh,barg,m,august 11 1991,kuwait,white,oranges,mac,/bin/bash,select
rd4859,raylon,depina,m,april 21 1995,serbia,dark_salmon,limes,mac,/bin/csh,execute
ls8615,levias,suber,m,april 19 1990,georgia,antique_white,plums,mac,/bin/tcsh,drop
nv9403,nithya,voorhees,f,february 14 1986,venezuela,aquamarine,mangoes,windows,/bin/ksh,execute
mz2445,montgomery,zaldana,m,may 15 1998,cyprus,light_coral,plums,windows,/bin/ksh,drop
aa6207,aitor,amidon,m,october 23 1994,israel,white,blueberries,mac,/bin/ksh,insert
jh7225,joyelle,hensley,f,april 24 1986,united_states,magenta,bananas,mac,/bin/bash,all
nr8538,novareign,rayon,f,february 26 1986,bangladesh,light_pink,strawberries,mac,/bin/ksh,select
kb8164,khristina,bayona,f,april 13 1994,vietnam,papaya_whip,pears,windows,/bin/bash,drop
vm8312,valente,minjares,m,september 15 1992,cyprus,orange_red,watermelon,mac,/bin/tcsh,all
dg5276,daniell,graner,m,june 29 1992,bahrain,pale_goldenrod,nectarines,mac,/bin/tcsh,insert
cl5135,cydney,lanza,f,march 16 1987,kazakhstan,medium_purple,apples,mac,/bin/csh,update
jw9110,joycelyn,wille,f,march 15 1999,new_zealand,fuchsia,oranges,mac,/bin/tcsh,delete
jm9080,jamelah,mccay,f,march 14 1996,burundi,chartreuse,blueberries,windows,/bin/bash,all
mp9310,margery,pitcher,f,august 21 1988,sao_tome_and_principe,light_steel_blue,pineapple,windows,/bin/bash,update
iw8781,inioluwa,worsham,m,july 22 1991,tanzania,light_goldenrod,cantaloupe,mac,/bin/csh,all
ec7665,elroi,clingman,f,march 16 1990,eritrea,ivory,cherries,mac,/bin/ksh,select
ib3233,izek,buford,m,november 3 1989,jamaica,misty_rose,oranges,mac,/bin/tcsh,drop
as8733,arthur,stpierre,m,july 23 1994,tanzania,dark_orchid,pineapple,mac,/bin/csh,execute
sp1994,sereen,percell,f,august 14 1997,serbia,light_salmon,blueberries,mac,/bin/tcsh,create
zm8393,zeyn,mullis,m,april 27 1995,ghana,burlywood,pears,mac,/bin/tcsh,execute
mf2746,mylez,fellman,m,february 1 1986,san_marino,light_coral,blueberries,mac,/bin/bash,select
km8765,kensleigh,maddock,f,august 28 1987,azerbaijan,tan,pears,windows,/bin/ksh,select
lj9687,lamees,jeronimo,f,january 26 1990,brazil,crimson,mangoes,mac,/bin/bash,update
sh1929,skyler,honda,m,january 30 1991,russia,peach_puff,plums,mac,/bin/bash,all
ac7365,ashkan,cortese,m,january 15 1986,barbados,bisque,blueberries,windows,/bin/bash,select
mf1913,milla,fraga,f,july 9 1998,iran,pale_turquoise,apples,mac,/bin/ksh,all
ls8812,leelan,sturm,m,may 22 1992,latvia,peach_puff,peaches,windows,/bin/csh,update
ms2926,malaia,soderstrom,f,july 7 1999,uganda,snow,blackberries,mac,/bin/ksh,delete
af8449,athziry,fincher,f,september 30 1999,brazil,burlywood,mangoes,mac,/bin/bash,insert
gr6032,galaxy,romito,m,march 5 1987,kazakhstan,crimson,blackberries,windows,/bin/ksh,update
lw5925,leovanni,wierzbicki,m,june 6 1995,angola,lawn_green,lemons,windows,/bin/bash,all
mc4458,marian,chiodo,f,july 3 1994,puerto_rico,lime,blueberries,mac,/bin/tcsh,insert
jc5913,jordi,center,f,april 5 1988,russia,orchid,peaches,windows,/bin/tcsh,delete
fe2493,fenway,eichholz,m,december 27 1989,jamaica,light_sea_green,lemons,windows,/bin/bash,insert
cf7116,caydon,forti,m,october 28 1991,ethiopia,salmon,oranges,mac,/bin/tcsh,insert
lr7514,leanna,rahimi,f,august 11 1995,costa_rica,light_cyan,pears,mac,/bin/ksh,select
av6278,amyrical,vaillancourt,f,august 1 1993,india,gray,grapes,windows,/bin/bash,create
bc5803,breanna,chiesa,f,august 29 1989,israel,coral,lemons,windows,/bin/bash,delete
cg9249,cincere,grasty,m,april 1 1992,kuwait,wheat,lemons,windows,/bin/ksh,select
nb8127,noemi,bellman,f,january 8 1994,great_britain,blue,apples,mac,/bin/bash,create
sm6343,shailee,miler,f,february 6 1990,uruguay,medium_turquoise,nectarines,mac,/bin/ksh,select
cg4767,cortana,gressett,f,august 22 1996,lithuania,cornsilk,bananas,mac,/bin/ksh,update
cw3339,cosmo,willyard,m,may 15 1989,albania,purple,nectarines,windows,/bin/ksh,create
nr6416,nitya,rennie,m,june 12 1992,tanzania,orchid,bananas,windows,/bin/bash,drop
mh9959,manny,hayhurst,m,december 23 1987,japan,burlywood,cherries,windows,/bin/tcsh,update
rh6816,raelee,halterman,f,june 11 1993,philippines,tan,pears,windows,/bin/ksh,create
ib7369,isma,barlett,f,march 13 1995,guatemala,light_cyan,mangoes,windows,/bin/csh,create
as2650,alayna,syme,f,february 9 1988,sweden,dark_turquoise,pineapple,mac,/bin/ksh,insert
jf8845,jhream,flatt,f,august 1 1986,georgia,firebrick,pineapple,windows,/bin/ksh,drop
lf5470,lucius,fortin,m,july 18 1987,cyprus,wheat,pears,windows,/bin/bash,delete
tc7259,tyger,chagolla,m,may 24 1993,jamaica,medium_slate_blue,grapes,mac,/bin/ksh,insert
as9630,aslyn,servin,f,august 22 1999,spain,dark_salmon,plums,mac,/bin/tcsh,drop
rr5486,rithvika,riendeau,f,march 9 1996,greece,khaki,pineapple,mac,/bin/ksh,drop
nc6677,noble,crochet,m,july 4 1990,australia,pale_green,strawberries,mac,/bin/csh,update
js9616,jencarlos,salsman,m,october 13 1994,el_salvador,medium_aquamarine,strawberries,mac,/bin/csh,execute
rt4787,ryson,titcomb,m,june 20 1995,italy,dark_magenta,plums,windows,/bin/csh,drop
iv7063,ivree,vermette,f,march 14 1987,tunisia,blue,raspberries,mac,/bin/tcsh,drop
nn1876,nashville,nisbet,m,april 5 1989,azerbaijan,light_gray,bananas,mac,/bin/csh,delete
bb7148,brockton,barakat,m,september 25 1992,djibouti,light_coral,cantaloupe,windows,/bin/tcsh,delete
ak3742,alessio,kallas,m,january 19 1999,angola,blue,oranges,windows,/bin/ksh,drop
rw3611,rima,warnock,f,may 24 1987,denmark,white_smoke,watermelon,mac,/bin/tcsh,create
jw9739,jenavie,whipple,f,january 12 1990,san_marino,navy_blue,avocados,mac,/bin/ksh,drop
ks7518,koree,stroupe,m,september 9 1986,latvia,pale_violet_red,grapes,windows,/bin/csh,execute
pg3533,paeton,gladding,f,september 27 1990,grenada,magenta,cantaloupe,mac,/bin/bash,drop
rc7690,rileyann,chica,f,november 8 1992,south_africa,aquamarine,mangoes,windows,/bin/csh,all
ch3922,cassidee,heywood,f,august 10 1994,chile,hot_pink,plums,windows,/bin/ksh,insert
rm6474,rigden,mohabir,m,november 10 1994,puerto_rico,mint_cream,raspberries,mac,/bin/tcsh,insert
gc6809,gavriel,czarnik,m,july 9 1985,bosnia_and_herzegovina,powder_blue,raspberries,mac,/bin/csh,update
mp9930,mako,place,m,september 30 1997,south_africa,pale_green,oranges,mac,/bin/tcsh,execute
sb2283,saheed,borunda,m,november 3 1989,bahamas,lime,cantaloupe,mac,/bin/tcsh,execute
cm5539,cannan,madar,m,november 30 1989,venezuela,lavender,blackberries,windows,/bin/ksh,delete
kc4687,kovi,cajamarca,m,march 18 1993,portugal,light_salmon,avocados,windows,/bin/csh,select
bh9370,bivan,holstein,m,february 8 1996,spain,salmon,pears,mac,/bin/bash,drop
kd5049,kennedi,dengler,f,december 3 1988,ecuador,web_green,peaches,mac,/bin/tcsh,delete
ak9773,arlene,karren,f,november 3 1992,finland,tan,cantaloupe,windows,/bin/ksh,execute
no6901,nomar,oday,m,june 30 1993,colombia,black,nectarines,windows,/bin/ksh,delete
cl9219,constance,laureano,f,october 27 1996,australia,indian_red,plums,windows,/bin/csh,execute
gz5769,gwenna,zaldana,f,september 21 1998,botswana,dark_sea_green,grapes,mac,/bin/ksh,drop
kp4664,kirkland,pershing,m,march 26 1993,ecuador,black,oranges,windows,/bin/tcsh,select
mj7137,merrick,jourdan,f,september 10 1989,el_salvador,dark_orange,blackberries,mac,/bin/tcsh,insert
aw9565,avion,whittaker,m,november 22 1995,trinidad_and_tobago,aquamarine,blackberries,windows,/bin/bash,all
as4174,aviahna,sutter,f,june 4 1987,guatemala,cornflower_blue,watermelon,mac,/bin/ksh,update
dh1648,demiana,hawker,f,april 10 1990,south_africa,dark_magenta,grapes,mac,/bin/bash,update
sc9776,sharleen,coger,f,december 8 1985,morocco,web_maroon,pineapple,windows,/bin/bash,create
sm2878,scout,moxley,m,october 9 1991,slovenia,peach_puff,pineapple,mac,/bin/ksh,insert
jj4586,jireh,jungers,m,november 5 1996,sao_tome_and_principe,ivory,nectarines,windows,/bin/tcsh,all
yp9810,yuritza,pickell,f,august 17 1996,cyprus,light_sea_green,pineapple,mac,/bin/bash,update
bm8513,bishoy,maccarone,m,november 12 1989,lithuania,chocolate,strawberries,windows,/bin/csh,execute
dp3218,drayko,pettyjohn,m,may 12 1990,chad,tan,limes,mac,/bin/ksh,delete
sc4103,sonnet,child,f,october 28 1990,estonia,firebrick,lemons,windows,/bin/csh,drop
km2414,kayana,maddux,f,september 22 1987,denmark,ghost_white,grapes,mac,/bin/tcsh,delete
ab6219,amarri,barger,m,january 30 1996,guyana,light_salmon,strawberries,windows,/bin/tcsh,drop
km6736,khalif,moskal,m,january 23 1989,new_zealand,aquamarine,peaches,windows,/bin/bash,create
eb2695,elianna,bazzi,f,april 15 1997,guyana,dark_blue,avocados,mac,/bin/bash,create
df6117,diogo,fournier,m,july 7 1999,thailand,dark_sea_green,mangoes,mac,/bin/bash,delete
mm7892,maleik,mankins,m,april 15 1990,kuwait,light_cyan,mangoes,windows,/bin/tcsh,execute
lp3183,ledarrius,pinnock,m,january 25 1990,kenya,pink,watermelon,windows,/bin/csh,delete
ak9159,ashlie,konkol,f,january 12 1992,romania,light_yellow,lemons,mac,/bin/bash,drop
ym4403,yovani,mang,m,august 26 1985,serbia,cyan,lemons,windows,/bin/bash,drop
dr5625,domingo,reiling,m,august 3 1991,italy,antique_white,strawberries,mac,/bin/csh,drop
rg8841,rivkah,geesaman,f,september 25 1995,slovakia,moccasin,bananas,mac,/bin/tcsh,all
lb1418,loralie,blair,f,september 24 1999,moldova,dark_red,grapes,mac,/bin/ksh,all
ma1883,monique,arellano,f,april 15 1990,china,orange_red,watermelon,windows,/bin/csh,delete
av9674,azriel,vanfleet,f,september 25 1998,moldova,light_sea_green,bananas,mac,/bin/ksh,drop
fa1257,fajr,asante,f,june 24 1990,kuwait,seashell,avocados,windows,/bin/ksh,execute
jh4606,jazzmine,heier,f,november 25 1994,uzbekistan,royal_blue,blackberries,windows,/bin/ksh,select
re4493,reighlynn,ehler,f,august 6 1986,ireland,light_steel_blue,bananas,mac,/bin/csh,insert
hb2516,harlowe,beaubrun,f,july 13 1985,malaysia,crimson,cherries,mac,/bin/bash,drop
rm7649,revie,mcwaters,f,october 24 1987,the_gambia,dark_turquoise,blueberries,windows,/bin/bash,update
im5000,ivannah,magby,f,july 12 1993,slovenia,sky_blue,raspberries,windows,/bin/csh,create
ml2650,mylie,laser,f,july 29 1997,djibouti,indigo,raspberries,windows,/bin/tcsh,create
ar9811,avika,roloff,f,february 11 1996,new_zealand,misty_rose,pineapple,windows,/bin/ksh,all
nk1269,nickan,kulas,m,august 6 1985,angola,lawn_green,raspberries,mac,/bin/csh,insert
as2946,anisha,sabatino,f,may 30 1993,botswana,hot_pink,raspberries,windows,/bin/csh,insert
ir8949,izarra,ruark,f,september 7 1991,puerto_rico,cyan,bananas,mac,/bin/tcsh,select
bf8696,brantlee,flor,f,january 16 1997,cayman_islands,pale_turquoise,plums,windows,/bin/bash,all
ks3025,kyvon,sojka,m,april 26 1987,venezuela,powder_blue,avocados,mac,/bin/ksh,insert
gn4535,garin,noffsinger,m,november 27 1997,belgium,crimson,plums,mac,/bin/bash,insert
dk3297,davit,kennerson,m,september 17 1992,pakistan,ghost_white,limes,windows,/bin/bash,create
mh9578,mariko,holford,f,december 23 1999,barbados,chartreuse,watermelon,windows,/bin/tcsh,all
nc5444,nyaomi,carino,f,january 8 1991,tunisia,bisque,oranges,mac,/bin/csh,create
cz2964,charly,zacher,f,february 11 1998,ireland,aqua,strawberries,windows,/bin/ksh,insert
kg6593,kyrillos,geer,m,december 28 1998,cayman_islands,lavender_blush,plums,mac,/bin/csh,create
aj5959,alma,jenne,f,january 15 1986,moldova,hot_pink,blackberries,mac,/bin/ksh,create
fb7958,findlay,bridge,m,february 12 1997,germany,light_green,mangoes,windows,/bin/ksh,delete
ms2423,marcela,spight,f,january 24 1985,barbados,lime_green,nectarines,windows,/bin/csh,insert
lp3156,louisiana,perron,f,august 29 1992,south_africa,light_coral,bananas,windows,/bin/bash,drop
qb3885,quay,blanks,m,november 19 1998,azerbaijan,medium_turquoise,lemons,mac,/bin/ksh,drop
ao5622,aesir,ocain,m,july 24 1992,iran,thistle,limes,mac,/bin/ksh,execute
sh9100,sahid,hochstein,m,july 14 1991,cuba,honeydew,avocados,mac,/bin/ksh,all
mf6316,michaelangelo,funari,m,august 3 1997,cuba,hot_pink,lemons,mac,/bin/bash,create
tb5070,tory,baillargeon,m,january 3 1985,albania,pale_turquoise,oranges,mac,/bin/bash,create
ks5567,kedric,swecker,m,august 19 1993,tunisia,lavender_blush,oranges,windows,/bin/csh,insert
bg4138,breelle,gula,f,august 7 1989,sweden,dark_cyan,cantaloupe,windows,/bin/csh,update
ab9641,annastasia,brickman,f,january 30 1996,ukraine,maroon,strawberries,mac,/bin/ksh,insert
tl6753,taeo,littman,m,april 28 1997,malaysia,indigo,cantaloupe,windows,/bin/tcsh,execute
gm1597,giannys,mize,f,august 4 1989,chinese_taipei,orchid,watermelon,windows,/bin/ksh,execute
za4960,ziah,abril,f,march 17 1986,guyana,gainsboro,oranges,windows,/bin/csh,drop
ab6345,abdul,bergey,m,november 6 1989,israel,green_yellow,bananas,mac,/bin/tcsh,delete
mp5963,mello,priolo,m,december 21 1991,jamaica,medium_spring_green,limes,windows,/bin/bash,update
ms1437,mahilan,schlegel,m,december 2 1994,nigeria,cornsilk,apples,windows,/bin/csh,create
tm5322,tinlee,montilla,f,july 27 1989,trinidad_and_tobago,black,cherries,mac,/bin/ksh,create
sf5727,siani,fishel,f,march 8 1994,pakistan,thistle,pears,windows,/bin/bash,select
au1860,alontae,urias,m,july 10 1989,trinidad_and_tobago,medium_spring_green,cantaloupe,mac,/bin/csh,select
ch6889,creston,heistand,m,april 2 1986,malaysia,light_steel_blue,pears,windows,/bin/csh,update
ts7702,tylaya,schiffer,f,november 20 1999,south_korea,dark_sea_green,nectarines,mac,/bin/ksh,drop
zc8856,zamiah,comeau,f,june 30 1993,niger,tomato,bananas,mac,/bin/tcsh,insert
sn5430,shauna,nulph,f,december 16 1996,cayman_islands,yellow_green,avocados,windows,/bin/ksh,delete
ms6779,maika,stanton,f,september 2 1999,ghana,teal,pears,mac,/bin/tcsh,all
km9099,kamora,monts,f,july 16 1991,nigeria,ivory,blueberries,mac,/bin/bash,drop
av6922,althaea,verrier,f,december 16 1988,sweden,blanched_almond,blueberries,mac,/bin/ksh,drop
zq9948,zayion,quick,m,may 21 1985,puerto_rico,dark_green,mangoes,windows,/bin/csh,all
td9979,tanner,deleo,f,december 21 1999,el_salvador,lavender_blush,mangoes,windows,/bin/ksh,all
mb5477,mati,bonde,m,april 26 1989,trinidad_and_tobago,light_goldenrod,pineapple,mac,/bin/tcsh,update
ck9794,champ,kaya,m,january 25 1986,malaysia,cyan,peaches,windows,/bin/tcsh,update
ml4534,malyia,lilly,f,july 5 1989,botswana,maroon,watermelon,mac,/bin/bash,create
tb6366,tamar,bae,m,january 5 1989,japan,lawn_green,nectarines,mac,/bin/ksh,select
ay7805,arkin,yazzie,m,july 11 1986,uruguay,purple,pineapple,windows,/bin/tcsh,drop
ac2609,alynah,choi,f,march 18 1999,austria,thistle,blueberries,windows,/bin/csh,all
aj9400,amzie,jaso,f,november 10 1997,algeria,maroon,mangoes,windows,/bin/csh,update
al7722,avrey,lamantia,f,october 28 1990,uzbekistan,old_lace,nectarines,mac,/bin/ksh,delete
jr2378,jesiah,roane,f,april 24 1997,russia,magenta,mangoes,mac,/bin/bash,update
ob4991,olivianna,burgan,f,may 29 1996,zambia,silver,nectarines,windows,/bin/csh,execute
lp7096,lyle,peeler,f,july 23 1997,egypt,saddle_brown,pineapple,mac,/bin/csh,create
an3162,azaelia,neblett,f,april 30 1986,eritrea,rebecca_purple,blackberries,mac,/bin/csh,update
li4492,lance,imhof,m,february 21 1994,slovakia,floral_white,apples,mac,/bin/ksh,all
rl9324,remey,laxton,m,april 28 1995,vietnam,gainsboro,plums,windows,/bin/tcsh,select
kb4421,kenrick,bischof,m,september 24 1990,united_states,light_yellow,nectarines,mac,/bin/bash,drop
ig1858,ishrat,gargus,f,may 3 1995,serbia,ivory,mangoes,mac,/bin/ksh,execute
bs4461,brynnly,sikora,f,may 19 1992,serbia,slate_gray,plums,windows,/bin/bash,all
pm4569,pele,mathisen,f,november 28 1991,bosnia_and_herzegovina,moccasin,pineapple,windows,/bin/tcsh,all
vm5981,veira,mclane,f,april 17 1997,puerto_rico,misty_rose,avocados,windows,/bin/tcsh,select
lv5864,londyn,volker,f,october 24 1997,uzbekistan,light_blue,avocados,windows,/bin/csh,drop
mh4504,makael,hyman,m,august 19 1991,uruguay,lemon_chiffon,mangoes,windows,/bin/csh,select
ah8129,ariston,hathaway,m,january 5 1999,philippines,white,oranges,mac,/bin/ksh,select
av3764,amahj,via,m,august 28 1986,hong_kong,lime_green,plums,mac,/bin/tcsh,create
dv5574,dublin,vanzee,f,january 21 1994,portugal,salmon,mangoes,windows,/bin/csh,all
mb5242,meliodas,bakshi,m,march 4 1991,canada,sea_green,blueberries,windows,/bin/csh,create
cb4067,corban,berres,m,december 1 1991,liberia,lime_green,bananas,mac,/bin/tcsh,execute
zn5832,zipporah,naegele,f,september 2 1986,greece,old_lace,lemons,mac,/bin/csh,select
jd7544,jakiah,day,m,july 1 1986,el_salvador,sienna,avocados,windows,/bin/ksh,drop
km5176,kayoir,mak,f,june 22 1999,albania,turquoise,grapes,windows,/bin/bash,drop
nm2898,neia,magallan,f,march 24 1996,united_states,medium_purple,blueberries,mac,/bin/bash,drop
mw7925,midori,warburton,f,september 2 1988,niger,dark_violet,pears,windows,/bin/ksh,execute
te3090,tien,everidge,m,january 18 1991,slovenia,dark_salmon,plums,windows,/bin/tcsh,all
jm9908,jesusmanuel,mcgettigan,m,december 7 1992,azerbaijan,light_yellow,cantaloupe,mac,/bin/ksh,delete
jm8390,joell,manny,m,march 17 1986,latvia,coral,bananas,mac,/bin/ksh,select
ts9233,thornton,stovall,m,may 26 1988,germany,light_cyan,blueberries,mac,/bin/ksh,create
lw6738,lawsyn,wicklund,m,december 22 1997,rwanda,olive_drab,pineapple,mac,/bin/tcsh,execute
mb8982,mckenzie,bow,f,june 9 1997,egypt,tomato,oranges,mac,/bin/tcsh,update
kr1062,kendon,rader,m,april 13 1994,costa_rica,pale_turquoise,watermelon,windows,/bin/csh,create
af3494,amy,fei,f,march 18 1996,italy,light_cyan,lemons,mac,/bin/ksh,create
mb9405,melik,brenner,m,november 15 1997,belarus,medium_purple,oranges,windows,/bin/csh,create
ab2808,amiere,blanding,m,march 8 1992,algeria,lavender,grapes,mac,/bin/bash,execute
ld5764,ledger,doscher,m,january 24 1997,china,dark_turquoise,strawberries,mac,/bin/tcsh,create
rb2800,randall,burian,m,may 3 1994,niger,moccasin,watermelon,windows,/bin/tcsh,insert
jl6510,jacarri,lascola,m,july 30 1998,namibia,medium_spring_green,oranges,mac,/bin/ksh,execute
co2787,cornelius,orlov,m,november 9 1999,samoa,navy_blue,watermelon,windows,/bin/csh,drop
jh9678,jakaylee,horgan,f,april 6 1998,cyprus,pale_goldenrod,oranges,mac,/bin/bash,delete
sh5735,szymon,hoeksema,m,april 11 1995,finland,ivory,blackberries,mac,/bin/bash,select
jg9939,jamill,glatz,m,may 2 1996,estonia,medium_spring_green,apples,mac,/bin/bash,create
lm8364,luv,mcferren,f,october 17 1997,botswana,olive,oranges,windows,/bin/csh,delete
jg9308,johana,glover,f,march 19 1988,ecuador,seashell,grapes,mac,/bin/ksh,all
ms6997,miklo,skoog,m,may 10 1998,british_virgin_islands,cornflower_blue,bananas,windows,/bin/tcsh,execute
mt3008,mahala,tavares,f,october 20 1992,uruguay,honeydew,apples,windows,/bin/csh,update
af8269,annalise,fredette,f,august 27 1990,brazil,light_salmon,apples,windows,/bin/ksh,all
kg8311,kamrin,gayhart,f,july 7 1999,morocco,plum,watermelon,mac,/bin/ksh,create
js8779,jahmel,sedano,m,september 30 1994,kenya,spring_green,nectarines,windows,/bin/tcsh,delete
jg2316,jadie,guerrieri,f,january 21 1988,british_virgin_islands,indian_red,bananas,mac,/bin/ksh,create
dm1861,druv,mikkelson,m,december 21 1994,bosnia_and_herzegovina,old_lace,peaches,mac,/bin/tcsh,select
yb9423,yeyetzi,brahmbhatt,f,june 3 1987,ethiopia,chocolate,avocados,windows,/bin/bash,create
ml2973,mihira,lacey,f,june 4 1999,albania,green_yellow,bananas,windows,/bin/bash,insert
kh8029,kyrielle,hiltner,f,july 7 1987,ethiopia,deep_sky_blue,oranges,windows,/bin/ksh,create
ac1762,addisyn,cheong,f,july 29 1985,singapore,cadet_blue,lemons,mac,/bin/tcsh,execute
sd3884,sumiya,dietz,f,october 22 1987,spain,rosy_brown,watermelon,mac,/bin/bash,all
jb7960,juanito,bong,m,march 11 1996,finland,medium_violet_red,peaches,mac,/bin/tcsh,all
kk4523,kellan,kwasniewski,m,may 4 1989,bangladesh,pale_green,apples,mac,/bin/ksh,create
ya1165,yuji,adcox,m,june 5 1989,great_britain,peach_puff,pineapple,windows,/bin/tcsh,all
at7439,amairany,thompson,f,april 9 1998,cuba,light_steel_blue,avocados,mac,/bin/csh,drop
ad5340,alayha,dejean,f,march 4 1990,russia,peach_puff,apples,windows,/bin/csh,select
es1309,elina,swicegood,f,march 7 1986,uganda,chocolate,pears,windows,/bin/csh,delete
md9965,montrell,duffie,m,march 2 1985,russia,red,avocados,mac,/bin/csh,update
cp9758,charlene,popelka,f,march 2 1996,ecuador,dark_khaki,cherries,mac,/bin/csh,insert
zf4090,zaylor,forester,m,february 5 1985,puerto_rico,medium_violet_red,strawberries,windows,/bin/csh,create
oa8619,ovi,amadio,f,february 29 1986,bosnia_and_herzegovina,floral_white,apples,windows,/bin/ksh,select
md3755,md,danis,m,december 6 1995,belgium,light_salmon,pears,windows,/bin/csh,execute
fm4621,furaha,merryman,f,november 2 1992,ivory_coast,honeydew,avocados,mac,/bin/csh,delete
ht2239,haddon,tyre,m,september 30 1997,great_britain,tan,grapes,mac,/bin/tcsh,all
pn6476,pasleigh,nilsson,f,december 23 1990,puerto_rico,light_green,pineapple,mac,/bin/bash,create
sm7951,saed,mcelhaney,m,march 24 1997,kazakhstan,pink,watermelon,windows,/bin/ksh,insert
ch6538,cathy,hosman,f,may 26 1989,georgia,dim_gray,limes,windows,/bin/ksh,drop
am7372,adama,mealy,f,june 4 1985,germany,light_green,nectarines,mac,/bin/tcsh,create
um3374,uri,mirsky,m,october 17 1995,japan,green,watermelon,windows,/bin/csh,drop
jt1666,jackie,teti,m,january 16 1990,uruguay,dark_cyan,pineapple,windows,/bin/csh,all
qa2973,quint,armand,m,october 16 1988,liberia,chartreuse,grapes,windows,/bin/tcsh,update
lm8103,lucca,meserve,f,october 18 1993,poland,aquamarine,cantaloupe,windows,/bin/csh,drop
ea1441,elior,auth,m,december 15 1986,djibouti,light_steel_blue,limes,mac,/bin/tcsh,delete
cr6460,clare,roesner,f,december 7 1994,kenya,deep_pink,bananas,windows,/bin/bash,update
as8479,asiya,stangle,f,july 24 1995,germany,dark_magenta,pears,mac,/bin/csh,update
es5488,elisa,saladino,f,february 29 1992,azerbaijan,wheat,lemons,mac,/bin/ksh,insert
bw9164,braiyah,witz,f,may 8 1999,belarus,forest_green,grapes,windows,/bin/bash,update
mt4445,maileen,tangeman,f,december 20 1988,uganda,hot_pink,lemons,mac,/bin/csh,update
cw6956,calie,wootten,f,december 19 1999,rwanda,medium_spring_green,nectarines,mac,/bin/bash,delete
rg7296,rosabella,goody,f,october 14 1998,moldova,hot_pink,oranges,windows,/bin/bash,create
lc7817,lillie,chisolm,f,november 17 1989,colombia,light_slate_gray,cherries,mac,/bin/ksh,execute
cb6877,charlise,brager,f,june 20 1987,ghana,light_steel_blue,peaches,windows,/bin/csh,delete
om6792,oaklee,muszynski,m,september 9 1999,ivory_coast,aqua,avocados,mac,/bin/ksh,insert
as6418,ameriah,sanroman,f,november 16 1997,niger,light_blue,mangoes,mac,/bin/bash,update
km7939,kylana,moyes,f,march 10 1996,pakistan,light_sky_blue,strawberries,windows,/bin/bash,drop
zm8349,zakari,mendes,m,july 13 1992,philippines,medium_turquoise,apples,windows,/bin/bash,delete
tv7878,tianna,vanzandt,f,may 29 1988,argentina,peach_puff,mangoes,windows,/bin/csh,update
ac3655,atarah,cifelli,f,august 9 1985,iran,light_gray,plums,mac,/bin/csh,delete
db7821,darleen,barrios,f,october 23 1985,france,sky_blue,oranges,mac,/bin/bash,execute
jf6182,jaxtyn,freitas,m,march 1 1991,chile,gold,nectarines,mac,/bin/csh,drop
ef9406,elia,funderburk,m,september 1 1990,vietnam,saddle_brown,pears,windows,/bin/csh,update
jc2219,jendriel,callies,m,june 29 1995,cayman_islands,purple,mangoes,windows,/bin/tcsh,create
rs4340,rosario,schmieder,f,november 29 1987,niger,violet,cherries,mac,/bin/csh,update
as3001,adel,swader,m,september 4 1995,latvia,burlywood,cantaloupe,mac,/bin/tcsh,all
jk9715,jayli,kurek,f,february 11 1992,cuba,crimson,blackberries,mac,/bin/csh,update
ch8718,cartier,hallum,m,april 19 1998,switzerland,medium_spring_green,mangoes,windows,/bin/bash,create
nw1395,neythan,walle,m,november 21 1990,qatar,steel_blue,mangoes,mac,/bin/ksh,delete
zs1226,zayed,shanley,m,december 2 1990,kazakhstan,pale_violet_red,apples,windows,/bin/bash,delete
au4784,amontae,urbach,m,november 10 1988,el_salvador,web_maroon,blueberries,windows,/bin/bash,insert
